transaction_id,customer_id,amount,transaction_date
1,100001,77.66,2024-07-01
2,100001,52.74,2024-06-03
3,100001,83.39,2024-05-23
4,100001,39.92,2024-04-25
5,100002,27.09,2024-03-17
6,100003,93.96,2024-04-15
7,100003,46.75,2024-04-22
8,100004,66.77,2024-01-17
9,100004,41.71,2024-04-07
10,100005,76.65,2024-04-27
11,100005,71.03,2024-05-17
12,100006,79.36,2024-05-24
13,100006,70.76,2024-03-19
14,100007,82.33,2024-04-10
15,100008,80.25,2024-03-24
16,100008,47.73,2024-03-24
17,100008,54.92,2024-01-28
18,100008,83.62,2024-04-16
19,100009,17.71,2024-04-14
20,100009,6.82,2024-05-03
21,100010,63.8,2024-05-01
22,100010,6.15,2024-04-05
23,100011,66.38,2024-05-26
24,100011,85.21,2024-04-17
25,100011,19.18,2024-05-21
26,100011,87.14,2024-06-03
27,100011,50.22,2024-06-17
28,100012,79.76,2024-05-18
29,100012,94.57,2024-03-24
30,100012,46.57,2024-03-17
31,100012,31.54,2024-04-13
32,100013,65.48,2024-06-09
33,100013,89.49,2024-06-02
34,100013,54.25,2024-06-10
35,100013,15.04,2024-06-06
36,100013,53.66,2024-04-28
37,100014,73.05,2024-06-23
38,100015,8.38,2024-05-20
39,100016,14.35,2024-06-06
40,100016,30.18,2024-04-17
41,100016,12.85,2024-05-17
42,100016,33.07,2024-06-29
43,100016,97.72,2024-05-04
44,100016,24.54,2024-06-27
45,100016,29.26,2024-05-28
46,100017,55.38,2024-07-11
47,100019,9.15,2024-01-14
48,100019,93.17,2024-01-20
49,100019,14.03,2024-02-27
50,100019,57.26,2024-03-02
51,100019,20.55,2024-04-01
52,100019,93.19,2024-02-02
53,100019,23.76,2024-02-16
54,100020,26.0,2024-02-04
55,100020,76.08,2024-01-30
56,100020,22.16,2024-01-29
57,100020,35.41,2024-04-06
58,100020,98.54,2024-02-13
59,100020,56.26,2024-02-13
60,100020,20.66,2024-02-04
61,100021,84.87,2024-03-16
62,100021,44.27,2024-05-09
63,100021,61.08,2024-03-30
64,100022,48.85,2024-01-10
65,100022,82.12,2024-01-18
66,100022,88.74,2024-01-07
67,100022,14.42,2024-01-06
68,100022,81.01,2024-03-06
69,100023,40.65,2024-05-08
70,100023,57.65,2024-04-06
71,100023,85.56,2024-06-22
72,100023,8.35,2024-05-25
73,100024,88.28,2024-06-26
74,100024,39.99,2024-06-14
75,100024,73.6,2024-04-21
76,100024,25.63,2024-05-11
77,100025,7.76,2024-02-20
78,100025,38.77,2024-03-16
79,100026,53.46,2024-02-11
80,100026,11.16,2024-02-10
81,100027,35.6,2024-03-02
82,100027,12.32,2024-03-05
83,100027,71.06,2024-01-24
84,100027,79.57,2024-03-18
85,100027,83.39,2024-02-02
86,100027,46.82,2024-01-21
87,100028,27.41,2024-04-28
88,100029,99.84,2024-04-16
89,100030,99.16,2024-03-31
90,100030,75.3,2024-04-05
91,100030,24.28,2024-02-06
92,100030,98.07,2024-03-22
93,100030,7.49,2024-01-24
94,100032,29.63,2024-04-04
95,100032,26.43,2024-05-01
96,100032,84.98,2024-05-24
97,100033,64.96,2024-05-07
98,100033,52.16,2024-04-06
99,100033,79.12,2024-02-28
100,100035,42.89,2024-06-16
101,100036,10.42,2024-04-22
102,100036,8.45,2024-04-28
103,100037,78.79,2024-05-17
104,100037,19.86,2024-04-02
105,100037,9.42,2024-04-14
106,100037,91.11,2024-05-10
107,100038,13.21,2024-04-07
108,100038,7.07,2024-04-15
109,100039,74.43,2024-03-13
110,100039,98.06,2024-04-26
111,100039,67.15,2024-05-07
112,100039,58.71,2024-04-05
113,100040,73.4,2024-04-01
114,100040,69.96,2024-04-22
115,100040,54.72,2024-03-15
116,100040,26.6,2024-04-12
117,100041,45.72,2024-06-05
118,100041,94.84,2024-04-06
119,100041,68.56,2024-05-28
120,100041,44.12,2024-04-17
121,100041,56.82,2024-05-10
122,100042,38.82,2024-04-29
123,100043,6.7,2024-06-14
124,100043,67.66,2024-06-13
125,100043,27.69,2024-04-03
126,100043,98.57,2024-04-29
127,100043,58.01,2024-04-15
128,100043,11.19,2024-05-25
129,100044,47.91,2024-03-07
130,100044,13.87,2024-03-05
131,100044,96.63,2024-03-24
132,100044,54.72,2024-01-27
133,100045,90.21,2024-04-19
134,100045,20.01,2024-05-23
135,100045,57.99,2024-05-25
136,100045,35.09,2024-03-04
137,100045,39.49,2024-03-05
138,100046,89.93,2024-03-10
139,100046,19.45,2024-04-19
140,100046,80.87,2024-03-06
141,100047,44.69,2024-02-17
142,100047,73.89,2024-03-08
143,100047,20.77,2024-03-21
144,100047,20.41,2024-04-15
145,100049,97.48,2024-02-25
146,100049,82.81,2024-02-29
147,100049,15.52,2024-04-10
148,100049,34.86,2024-04-20
149,100050,88.58,2024-04-20
150,100050,21.51,2024-05-17
151,100050,15.73,2024-05-08
152,100050,73.31,2024-06-18
153,100051,63.99,2024-03-18
154,100051,75.12,2024-03-17
155,100051,85.16,2024-03-06
156,100051,7.96,2024-03-30
157,100052,69.76,2024-05-23
158,100052,86.3,2024-07-04
159,100053,87.31,2024-03-08
160,100053,34.0,2024-04-20
161,100053,11.51,2024-05-06
162,100054,79.9,2024-01-12
163,100054,90.39,2024-03-20
164,100054,68.72,2024-01-09
165,100054,21.06,2024-01-26
166,100055,17.24,2024-06-21
167,100055,97.8,2024-04-29
168,100056,45.04,2024-03-16
169,100058,6.71,2024-02-18
170,100058,64.03,2024-04-01
171,100058,33.95,2024-04-03
172,100058,87.91,2024-02-09
173,100058,25.75,2024-02-04
174,100059,27.98,2024-06-02
175,100061,74.37,2024-03-17
176,100061,9.57,2024-02-28
177,100061,88.34,2024-03-26
178,100062,80.48,2024-03-06
179,100062,45.77,2024-02-03
180,100062,99.57,2024-01-15
181,100062,59.47,2024-02-23
182,100062,11.05,2024-01-25
183,100063,8.1,2024-05-29
184,100063,83.78,2024-05-03
185,100063,95.8,2024-06-25
186,100065,62.18,2024-01-29
187,100065,20.66,2024-02-09
188,100065,62.67,2024-02-05
189,100066,27.25,2024-05-21
190,100066,51.33,2024-07-08
191,100066,29.95,2024-07-18
192,100066,62.06,2024-07-20
193,100067,5.28,2024-02-03
194,100067,49.89,2024-03-10
195,100067,18.3,2024-02-05
196,100068,49.63,2024-05-09
197,100068,31.66,2024-05-17
198,100068,61.13,2024-05-25
199,100069,8.49,2024-03-01
200,100069,81.25,2024-04-01
201,100070,32.03,2024-02-08
202,100070,15.81,2024-01-19
203,100070,88.59,2024-02-22
204,100070,88.05,2024-02-26
205,100071,20.69,2024-05-09
206,100071,45.07,2024-05-03
207,100071,88.81,2024-06-08
208,100072,5.15,2024-06-09
209,100072,9.86,2024-05-17
210,100072,10.65,2024-05-18
211,100073,48.34,2024-05-23
212,100073,13.77,2024-07-11
213,100074,94.46,2024-04-10
214,100074,66.38,2024-05-02
215,100074,39.38,2024-05-13
216,100074,61.88,2024-05-14
217,100075,88.0,2024-04-19
218,100075,65.6,2024-06-03
219,100076,59.83,2024-04-08
220,100076,81.76,2024-05-08
221,100076,74.27,2024-03-09
222,100076,85.33,2024-03-22
223,100076,85.92,2024-04-07
224,100076,68.93,2024-03-20
225,100076,34.1,2024-04-26
226,100077,6.17,2024-02-25
227,100077,7.6,2024-03-05
228,100077,54.95,2024-02-10
229,100077,20.85,2024-02-11
230,100077,66.35,2024-02-14
231,100077,89.56,2024-02-14
232,100077,94.93,2024-03-13
233,100078,34.57,2024-02-27
234,100078,85.48,2024-03-25
235,100078,39.64,2024-02-24
236,100079,26.71,2024-04-13
237,100079,53.02,2024-05-02
238,100079,17.9,2024-04-19
239,100079,8.7,2024-03-01
240,100081,18.97,2024-05-19
241,100081,17.35,2024-04-20
242,100082,83.54,2024-02-23
243,100082,32.4,2024-03-05
244,100082,19.4,2024-03-23
245,100082,41.62,2024-02-22
246,100083,55.56,2024-04-08
247,100083,28.46,2024-05-15
248,100084,37.53,2024-07-07
249,100084,96.81,2024-05-04
250,100084,37.99,2024-06-20
251,100084,18.22,2024-06-15
252,100085,59.09,2024-03-30
253,100085,24.12,2024-01-23
254,100085,19.06,2024-03-29
255,100085,50.18,2024-01-09
256,100085,91.16,2024-02-09
257,100086,55.67,2024-02-25
258,100086,8.61,2024-01-14
259,100087,31.2,2024-03-02
260,100087,8.27,2024-02-21
261,100088,87.04,2024-04-15
262,100088,40.66,2024-04-18
263,100088,24.31,2024-05-08
264,100089,89.97,2024-06-05
265,100089,47.13,2024-07-06
266,100089,77.63,2024-06-01
267,100089,81.63,2024-04-19
268,100090,46.72,2024-02-18
269,100090,10.93,2024-03-16
270,100091,70.33,2024-03-16
271,100091,87.84,2024-04-06
272,100091,17.77,2024-03-04
273,100091,39.08,2024-03-15
274,100091,36.67,2024-04-29
275,100092,6.36,2024-05-02
276,100092,37.47,2024-06-06
277,100092,75.35,2024-05-09
278,100092,5.54,2024-05-09
279,100092,78.05,2024-04-10
280,100092,77.78,2024-06-14
281,100093,73.7,2024-03-12
282,100093,43.72,2024-05-20
283,100094,15.54,2024-03-30
284,100095,69.77,2024-04-15
285,100095,52.56,2024-04-16
286,100095,50.43,2024-04-15
287,100095,11.93,2024-06-04
288,100096,43.12,2024-03-23
289,100096,93.28,2024-05-10
290,100097,98.0,2024-03-04
291,100097,25.39,2024-02-24
292,100097,66.54,2024-02-22
293,100097,22.85,2024-04-29
294,100098,72.83,2024-05-03
295,100098,81.38,2024-05-06
296,100098,58.51,2024-04-05
297,100098,18.57,2024-03-18
298,100098,73.46,2024-06-09
299,100098,52.19,2024-03-26
300,100099,30.8,2024-05-16
301,100100,72.93,2024-05-05
302,100101,75.39,2024-02-27
303,100101,93.43,2024-02-12
304,100101,17.34,2024-03-19
305,100101,85.06,2024-01-23
306,100102,69.14,2024-06-19
307,100102,70.27,2024-04-21
308,100102,41.83,2024-05-03
309,100102,71.87,2024-07-02
310,100102,18.22,2024-04-14
311,100103,77.3,2024-03-12
312,100103,69.23,2024-03-05
313,100104,41.59,2024-03-03
314,100104,50.22,2024-02-25
315,100104,65.27,2024-02-02
316,100104,77.92,2024-03-26
317,100104,57.45,2024-04-06
318,100105,62.74,2024-06-07
319,100105,42.5,2024-04-15
320,100105,66.91,2024-03-20
321,100105,75.02,2024-03-30
322,100105,66.26,2024-05-21
323,100106,10.52,2024-03-31
324,100106,54.01,2024-05-11
325,100106,14.49,2024-05-01
326,100106,6.4,2024-05-31
327,100107,44.3,2024-04-10
328,100107,74.94,2024-04-21
329,100108,34.63,2024-05-06
330,100108,30.39,2024-03-30
331,100108,54.52,2024-05-22
332,100108,86.43,2024-04-29
333,100108,12.26,2024-04-24
334,100109,6.67,2024-02-16
335,100109,78.45,2024-03-05
336,100110,67.99,2024-05-07
337,100110,97.55,2024-06-10
338,100110,7.24,2024-05-15
339,100111,72.46,2024-05-26
340,100111,28.43,2024-04-18
341,100111,49.97,2024-04-17
342,100111,68.81,2024-06-15
343,100111,95.99,2024-03-24
344,100112,26.41,2024-05-05
345,100112,18.38,2024-06-28
346,100112,85.48,2024-05-14
347,100112,31.24,2024-06-02
348,100112,82.06,2024-07-04
349,100113,95.0,2024-05-10
350,100113,73.87,2024-06-18
351,100113,89.56,2024-05-18
352,100114,52.24,2024-04-25
353,100115,96.0,2024-03-26
354,100116,63.99,2024-04-02
355,100116,81.66,2024-03-26
356,100116,56.95,2024-04-15
357,100117,47.33,2024-02-01
358,100117,90.28,2024-03-10
359,100118,67.62,2024-04-26
360,100118,23.71,2024-05-09
361,100118,43.63,2024-05-16
362,100119,11.94,2024-05-26
363,100119,98.21,2024-05-21
364,100119,83.79,2024-03-04
365,100119,91.25,2024-03-29
366,100120,48.53,2024-06-22
367,100120,20.46,2024-07-08
368,100120,77.54,2024-07-15
369,100120,62.29,2024-07-13
370,100120,5.86,2024-05-25
371,100120,26.72,2024-05-16
372,100121,53.89,2024-04-16
373,100121,14.06,2024-03-29
374,100122,89.99,2024-04-05
375,100124,40.31,2024-04-25
376,100124,13.62,2024-05-08
377,100124,10.48,2024-03-20
378,100124,64.09,2024-05-02
379,100124,28.85,2024-03-30
380,100125,88.35,2024-05-02
381,100125,14.67,2024-03-25
382,100125,84.78,2024-03-15
383,100126,95.29,2024-05-09
384,100126,73.32,2024-06-06
385,100126,60.11,2024-05-24
386,100127,90.86,2024-04-27
387,100127,89.79,2024-04-06
388,100127,77.5,2024-04-01
389,100128,61.41,2024-01-28
390,100128,24.67,2024-02-24
391,100128,33.05,2024-03-17
392,100128,48.7,2024-02-15
393,100129,70.89,2024-05-03
394,100129,38.5,2024-04-21
395,100130,93.45,2024-01-24
396,100130,77.73,2024-02-23
397,100130,61.09,2024-02-27
398,100131,97.44,2024-06-13
399,100132,88.86,2024-01-11
400,100132,74.29,2024-04-03
401,100133,90.12,2024-05-17
402,100133,29.02,2024-04-22
403,100133,22.25,2024-05-18
404,100133,81.64,2024-05-14
405,100133,25.95,2024-05-06
406,100134,76.61,2024-04-03
407,100134,20.9,2024-04-04
408,100134,30.54,2024-03-12
409,100135,72.31,2024-03-16
410,100135,40.08,2024-03-02
411,100135,20.11,2024-04-08
412,100135,72.86,2024-01-26
413,100135,92.49,2024-03-21
414,100136,25.27,2024-05-07
415,100136,97.96,2024-07-17
416,100136,16.29,2024-04-27
417,100136,74.07,2024-06-12
418,100136,46.36,2024-06-10
419,100137,41.51,2024-05-28
420,100137,79.31,2024-06-12
421,100137,6.08,2024-04-25
422,100138,72.09,2024-03-31
423,100138,56.37,2024-02-26
424,100138,34.34,2024-03-13
425,100138,86.95,2024-03-28
426,100139,87.2,2024-03-18
427,100139,69.33,2024-02-24
428,100139,32.55,2024-03-19
429,100140,98.28,2024-02-20
430,100140,6.15,2024-03-26
431,100140,20.47,2024-04-24
432,100140,32.33,2024-02-16
433,100140,23.19,2024-04-19
434,100141,32.15,2024-03-06
435,100141,69.37,2024-02-21
436,100141,24.51,2024-04-08
437,100141,94.72,2024-03-12
438,100141,79.56,2024-02-15
439,100142,31.4,2024-01-25
440,100142,94.42,2024-03-27
441,100142,6.09,2024-03-02
442,100142,54.28,2024-03-07
443,100143,57.77,2024-06-16
444,100143,71.93,2024-07-06
445,100144,54.1,2024-04-22
446,100144,30.51,2024-05-17
447,100144,67.39,2024-05-06
448,100145,92.92,2024-03-10
449,100145,33.24,2024-03-01
450,100146,30.4,2024-04-03
451,100146,71.86,2024-03-02
452,100147,30.75,2024-03-06
453,100147,87.28,2024-01-09
454,100147,16.12,2024-03-12
455,100147,19.71,2024-04-05
456,100148,64.61,2024-04-10
457,100148,60.38,2024-04-27
458,100148,56.49,2024-05-01
459,100148,95.97,2024-06-04
460,100148,73.94,2024-04-18
461,100148,22.91,2024-04-28
462,100149,36.07,2024-05-05
463,100149,91.88,2024-06-05
464,100149,86.83,2024-04-09
465,100150,65.58,2024-02-24
466,100150,71.58,2024-02-23
467,100150,67.13,2024-02-21
468,100150,9.75,2024-02-04
469,100151,12.33,2024-04-12
470,100152,68.92,2024-03-06
471,100152,40.36,2024-04-24
472,100152,89.07,2024-02-12
473,100153,63.59,2024-02-20
474,100153,29.07,2024-04-22
475,100153,11.5,2024-02-25
476,100154,91.95,2024-05-26
477,100154,68.31,2024-06-04
478,100154,79.8,2024-06-23
479,100154,64.87,2024-04-30
480,100155,79.48,2024-02-29
481,100155,83.35,2024-02-10
482,100155,79.58,2024-02-14
483,100156,7.69,2024-04-25
484,100156,31.7,2024-05-20
485,100156,43.92,2024-03-05
486,100157,11.7,2024-04-26
487,100157,94.54,2024-06-10
488,100158,28.75,2024-02-18
489,100158,57.57,2024-04-02
490,100158,38.9,2024-03-02
491,100158,12.28,2024-04-09
492,100158,79.98,2024-05-04
493,100159,94.41,2024-06-05
494,100159,90.84,2024-07-02
495,100159,57.57,2024-04-14
496,100159,38.14,2024-05-13
497,100160,33.11,2024-05-09
498,100160,44.05,2024-03-21
499,100160,70.93,2024-03-16
500,100160,45.81,2024-03-07
501,100160,73.28,2024-05-08
502,100161,44.35,2024-07-03
503,100161,89.63,2024-05-15
504,100161,16.54,2024-06-30
505,100162,34.55,2024-04-23
506,100162,10.48,2024-05-04
507,100163,59.33,2024-04-28
508,100163,44.5,2024-04-09
509,100164,36.12,2024-03-25
510,100164,87.7,2024-02-17
511,100164,7.1,2024-03-09
512,100164,71.18,2024-04-21
513,100165,90.09,2024-03-31
514,100165,78.43,2024-03-12
515,100165,78.77,2024-04-27
516,100165,80.31,2024-05-06
517,100165,68.96,2024-03-30
518,100166,55.89,2024-06-20
519,100166,49.18,2024-06-12
520,100166,85.12,2024-07-03
521,100166,32.12,2024-05-29
522,100166,47.87,2024-06-18
523,100167,66.54,2024-05-10
524,100167,90.67,2024-04-28
525,100167,24.76,2024-05-28
526,100167,88.35,2024-04-18
527,100168,98.26,2024-04-13
528,100168,40.67,2024-05-08
529,100168,98.98,2024-04-01
530,100169,25.91,2024-05-24
531,100169,74.28,2024-05-11
532,100170,25.68,2024-02-02
533,100170,85.02,2024-03-05
534,100170,5.5,2024-01-12
535,100170,14.85,2024-03-04
536,100172,77.06,2024-03-03
537,100172,63.95,2024-03-28
538,100172,41.73,2024-02-03
539,100172,37.96,2024-01-14
540,100173,46.15,2024-04-02
541,100173,86.0,2024-05-05
542,100174,24.21,2024-05-14
543,100174,22.61,2024-06-26
544,100174,86.84,2024-06-26
545,100174,73.81,2024-07-13
546,100175,67.65,2024-02-06
547,100175,70.77,2024-03-16
548,100175,94.21,2024-03-21
549,100176,67.2,2024-04-25
550,100176,30.14,2024-04-19
551,100176,82.42,2024-06-04
552,100177,39.99,2024-04-20
553,100177,25.64,2024-02-24
554,100177,29.66,2024-03-04
555,100179,79.46,2024-05-08
556,100179,90.3,2024-06-16
557,100179,53.85,2024-05-17
558,100180,28.66,2024-01-23
559,100180,72.15,2024-03-09
560,100180,14.02,2024-02-22
561,100181,33.88,2024-04-14
562,100181,17.36,2024-04-12
563,100181,39.24,2024-06-13
564,100181,58.79,2024-05-23
565,100181,34.66,2024-05-17
566,100181,6.37,2024-06-24
567,100182,53.61,2024-04-30
568,100182,58.52,2024-04-09
569,100182,44.41,2024-05-01
570,100183,76.89,2024-04-15
571,100183,69.23,2024-04-29
572,100184,93.18,2024-05-17
573,100184,63.76,2024-04-15
574,100185,61.35,2024-04-10
575,100185,95.17,2024-05-17
576,100185,69.1,2024-05-03
577,100185,87.05,2024-04-27
578,100185,92.88,2024-05-29
579,100186,71.23,2024-06-03
580,100187,81.97,2024-06-15
581,100187,22.04,2024-06-16
582,100188,70.11,2024-05-12
583,100188,62.92,2024-05-25
584,100188,48.09,2024-06-04
585,100188,81.27,2024-06-01
586,100189,84.21,2024-03-29
587,100189,92.52,2024-04-27
588,100189,75.35,2024-03-18
589,100189,61.44,2024-04-01
590,100190,91.99,2024-05-05
591,100191,89.18,2024-03-03
592,100191,40.67,2024-02-21
593,100191,32.22,2024-03-31
594,100191,99.74,2024-03-17
595,100193,38.01,2024-04-30
596,100193,97.66,2024-06-02
597,100193,68.58,2024-05-29
598,100193,94.11,2024-05-22
599,100193,57.43,2024-04-29
600,100194,30.51,2024-03-13
601,100194,12.11,2024-02-02
602,100194,18.99,2024-02-07
603,100195,25.87,2024-04-20
604,100195,17.32,2024-06-07
605,100195,39.73,2024-05-21
606,100195,69.03,2024-05-18
607,100195,25.0,2024-05-18
608,100195,90.33,2024-07-07
609,100196,51.03,2024-05-10
610,100196,58.52,2024-04-29
611,100196,18.03,2024-06-19
612,100197,31.0,2024-02-28
613,100197,88.16,2024-03-17
614,100198,23.12,2024-02-21
615,100198,59.56,2024-05-11
616,100198,78.82,2024-04-28
617,100198,23.93,2024-02-27
618,100200,51.49,2024-04-30
619,100200,67.33,2024-04-25
620,100200,50.9,2024-04-21
621,100200,67.52,2024-04-28
622,100201,48.13,2024-02-21
623,100201,53.82,2024-04-11
624,100202,93.57,2024-03-11
625,100202,67.86,2024-04-18
626,100202,59.23,2024-04-04
627,100202,31.47,2024-03-25
628,100202,51.62,2024-02-29
629,100202,32.14,2024-04-21
630,100202,97.14,2024-03-10
631,100203,39.9,2024-03-21
632,100203,37.06,2024-05-09
633,100204,25.73,2024-03-30
634,100204,28.72,2024-05-22
635,100204,76.41,2024-03-21
636,100204,87.71,2024-04-13
637,100205,23.95,2024-05-09
638,100205,51.18,2024-05-18
639,100205,32.69,2024-05-17
640,100205,92.83,2024-05-02
641,100206,77.25,2024-04-23
642,100206,63.45,2024-04-11
643,100207,7.89,2024-03-11
644,100207,9.32,2024-02-18
645,100207,53.51,2024-04-18
646,100207,91.51,2024-02-12
647,100207,78.49,2024-04-11
648,100207,9.77,2024-03-21
649,100209,47.66,2024-04-26
650,100209,36.92,2024-02-20
651,100209,73.84,2024-02-23
652,100210,71.08,2024-04-16
653,100210,42.25,2024-03-27
654,100211,58.75,2024-05-26
655,100211,93.1,2024-03-25
656,100211,11.29,2024-05-27
657,100213,36.56,2024-06-14
658,100213,68.45,2024-07-01
659,100213,65.52,2024-07-18
660,100213,67.07,2024-05-13
661,100214,89.06,2024-02-12
662,100214,38.29,2024-03-14
663,100215,99.06,2024-03-28
664,100215,31.42,2024-03-26
665,100215,47.07,2024-03-24
666,100215,13.45,2024-01-29
667,100215,84.28,2024-03-16
668,100216,27.8,2024-02-06
669,100216,61.55,2024-03-24
670,100216,37.44,2024-04-25
671,100216,91.76,2024-02-22
672,100217,76.36,2024-06-29
673,100218,48.93,2024-02-28
674,100218,28.7,2024-04-06
675,100218,43.23,2024-03-31
676,100218,90.08,2024-04-03
677,100218,33.03,2024-05-10
678,100219,74.32,2024-06-21
679,100220,69.8,2024-03-08
680,100220,74.72,2024-03-22
681,100220,20.62,2024-02-24
682,100220,38.74,2024-02-04
683,100220,6.44,2024-03-17
684,100221,90.35,2024-05-05
685,100221,36.05,2024-03-12
686,100221,83.52,2024-05-13
687,100222,39.35,2024-05-09
688,100222,98.15,2024-05-13
689,100223,75.19,2024-04-30
690,100225,58.96,2024-06-14
691,100225,58.32,2024-05-31
692,100226,45.97,2024-06-09
693,100226,9.78,2024-05-16
694,100226,7.59,2024-06-03
695,100227,90.29,2024-04-25
696,100227,82.97,2024-05-20
697,100227,90.11,2024-04-09
698,100227,39.44,2024-05-21
699,100228,39.04,2024-06-26
700,100228,84.89,2024-05-21
701,100228,41.19,2024-04-20
702,100229,6.59,2024-02-05
703,100229,93.71,2024-03-10
704,100229,44.97,2024-02-19
705,100229,8.1,2024-02-04
706,100230,63.83,2024-03-31
707,100230,58.41,2024-01-31
708,100231,16.05,2024-04-15
709,100232,26.99,2024-05-14
710,100232,43.3,2024-05-30
711,100232,9.44,2024-06-12
712,100233,69.2,2024-05-26
713,100233,31.42,2024-03-31
714,100233,42.55,2024-06-04
715,100233,57.85,2024-05-24
716,100233,83.59,2024-06-05
717,100235,52.73,2024-01-11
718,100235,29.92,2024-02-15
719,100235,84.47,2024-02-17
720,100236,32.14,2024-06-08
721,100237,79.19,2024-05-18
722,100238,85.24,2024-05-07
723,100238,77.97,2024-03-16
724,100238,28.86,2024-03-18
725,100238,28.7,2024-03-30
726,100239,30.84,2024-03-30
727,100239,72.72,2024-02-07
728,100239,35.81,2024-01-31
729,100240,68.75,2024-02-10
730,100241,23.16,2024-05-01
731,100241,70.36,2024-03-16
732,100241,22.21,2024-05-14
733,100241,89.28,2024-05-24
734,100241,34.19,2024-05-10
735,100241,44.63,2024-05-28
736,100242,80.74,2024-03-02
737,100243,20.49,2024-05-24
738,100243,7.25,2024-06-20
739,100243,95.08,2024-04-27
740,100243,17.87,2024-04-13
741,100244,44.9,2024-05-05
742,100244,86.51,2024-03-09
743,100244,60.41,2024-04-19
744,100244,79.25,2024-02-26
745,100245,97.51,2024-04-19
746,100245,10.88,2024-04-17
747,100245,72.4,2024-05-12
748,100246,44.0,2024-02-25
749,100246,81.54,2024-03-27
750,100246,26.48,2024-05-04
751,100246,13.32,2024-05-08
752,100247,87.72,2024-03-11
753,100248,67.97,2024-06-01
754,100249,81.52,2024-03-20
755,100249,91.53,2024-03-26
756,100249,19.18,2024-03-28
757,100249,37.92,2024-05-08
758,100249,43.8,2024-03-01
759,100249,21.27,2024-03-15
760,100250,37.04,2024-05-19
761,100250,16.6,2024-06-02
762,100250,66.57,2024-05-16
763,100250,83.48,2024-07-15
764,100251,39.25,2024-04-16
765,100251,8.32,2024-03-30
766,100251,12.72,2024-03-16
767,100252,65.6,2024-06-05
768,100252,77.96,2024-05-28
769,100252,44.06,2024-06-03
770,100252,63.78,2024-04-07
771,100252,58.6,2024-07-02
772,100252,66.26,2024-04-21
773,100254,79.05,2024-07-08
774,100254,54.74,2024-05-10
775,100255,24.98,2024-04-08
776,100255,29.04,2024-05-02
777,100255,53.61,2024-03-16
778,100256,69.01,2024-06-11
779,100257,5.13,2024-05-01
780,100257,31.21,2024-05-25
781,100257,6.75,2024-03-27
782,100257,70.77,2024-03-12
783,100257,35.76,2024-04-11
784,100258,85.7,2024-06-18
785,100258,74.74,2024-05-19
786,100258,22.43,2024-05-26
787,100258,93.24,2024-07-20
788,100259,7.65,2024-04-15
789,100259,78.86,2024-04-27
790,100260,89.59,2024-03-07
791,100260,20.76,2024-03-20
792,100260,39.46,2024-03-16
793,100260,84.78,2024-05-09
794,100260,37.39,2024-05-19
795,100261,74.05,2024-02-17
796,100261,99.47,2024-04-01
797,100261,80.26,2024-03-08
798,100262,25.7,2024-02-24
799,100262,35.95,2024-04-16
800,100262,47.02,2024-04-26
801,100262,74.23,2024-04-26
802,100263,82.28,2024-02-03
803,100263,83.99,2024-01-19
804,100263,66.73,2024-02-15
805,100264,16.23,2024-03-21
806,100266,82.45,2024-07-06
807,100266,95.98,2024-04-23
808,100266,90.38,2024-05-15
809,100267,14.02,2024-07-03
810,100267,18.11,2024-07-15
811,100267,83.82,2024-07-06
812,100267,47.19,2024-06-15
813,100267,13.33,2024-05-21
814,100268,50.26,2024-04-23
815,100268,43.26,2024-02-26
816,100269,75.16,2024-03-24
817,100269,59.96,2024-05-29
818,100269,59.4,2024-06-05
819,100270,22.73,2024-04-11
820,100270,77.91,2024-04-28
821,100270,51.75,2024-04-20
822,100270,27.09,2024-05-24
823,100271,60.63,2024-05-15
824,100271,78.29,2024-05-20
825,100271,10.42,2024-06-17
826,100272,9.57,2024-03-20
827,100272,82.91,2024-02-13
828,100274,19.62,2024-05-13
829,100274,60.4,2024-06-12
830,100274,39.66,2024-05-18
831,100275,39.07,2024-03-06
832,100275,6.99,2024-03-31
833,100275,92.79,2024-05-21
834,100276,57.29,2024-05-20
835,100276,16.44,2024-05-11
836,100276,60.07,2024-04-24
837,100276,40.89,2024-05-23
838,100276,49.34,2024-05-20
839,100276,20.77,2024-05-02
840,100276,67.52,2024-05-01
841,100277,44.41,2024-07-08
842,100277,63.56,2024-05-27
843,100277,48.26,2024-05-18
844,100277,94.35,2024-07-08
845,100278,54.9,2024-04-12
846,100278,43.14,2024-05-25
847,100278,33.25,2024-05-27
848,100279,24.84,2024-04-10
849,100279,57.47,2024-04-10
850,100280,58.76,2024-02-13
851,100280,19.09,2024-03-19
852,100280,33.15,2024-01-29
853,100280,58.04,2024-01-17
854,100280,40.3,2024-02-29
855,100281,24.07,2024-01-23
856,100281,50.3,2024-02-10
857,100281,83.72,2024-01-31
858,100282,98.84,2024-02-29
859,100282,73.6,2024-01-08
860,100282,81.16,2024-03-14
861,100283,50.72,2024-04-04
862,100283,95.3,2024-03-05
863,100283,37.48,2024-03-20
864,100284,31.63,2024-03-13
865,100285,10.18,2024-05-13
866,100285,22.98,2024-04-02
867,100286,30.12,2024-04-23
868,100286,57.7,2024-04-29
869,100286,93.86,2024-03-16
870,100286,79.52,2024-03-14
871,100286,6.38,2024-03-29
872,100287,64.44,2024-04-30
873,100287,7.0,2024-03-19
874,100288,46.97,2024-04-12
875,100288,22.52,2024-02-04
876,100288,41.74,2024-03-01
877,100288,41.58,2024-02-07
878,100288,53.61,2024-03-10
879,100288,88.94,2024-02-20
880,100289,10.89,2024-06-18
881,100289,57.56,2024-06-12
882,100290,14.31,2024-05-18
883,100290,90.76,2024-04-18
884,100290,9.33,2024-04-21
885,100291,98.48,2024-03-07
886,100291,16.71,2024-04-24
887,100291,28.36,2024-05-12
888,100292,13.66,2024-03-28
889,100292,12.29,2024-04-12
890,100292,21.14,2024-05-14
891,100292,36.46,2024-05-05
892,100293,96.94,2024-05-02
893,100293,74.22,2024-03-02
894,100293,15.9,2024-04-13
895,100293,27.51,2024-04-10
896,100294,69.37,2024-04-08
897,100295,79.33,2024-04-02
898,100295,35.87,2024-03-13
899,100295,88.06,2024-03-04
900,100296,22.18,2024-04-19
901,100296,36.75,2024-02-12
902,100296,30.9,2024-03-19
903,100297,95.93,2024-04-27
904,100297,57.12,2024-04-18
905,100297,63.77,2024-05-25
906,100298,69.17,2024-05-23
907,100299,88.56,2024-07-02
908,100299,99.2,2024-07-01
909,100300,71.57,2024-04-22
910,100300,94.17,2024-04-09
911,100301,26.34,2024-05-10
912,100301,75.52,2024-06-22
913,100301,29.18,2024-05-05
914,100302,36.4,2024-01-17
915,100303,51.38,2024-06-05
916,100303,35.14,2024-07-17
917,100303,70.93,2024-05-08
918,100304,32.13,2024-03-31
919,100304,13.67,2024-02-23
920,100305,21.57,2024-04-09
921,100306,72.87,2024-03-31
922,100307,90.17,2024-04-03
923,100308,35.03,2024-06-07
924,100309,22.17,2024-05-01
925,100309,22.21,2024-04-23
926,100309,41.55,2024-05-14
927,100309,57.74,2024-06-17
928,100310,73.69,2024-05-11
929,100310,54.22,2024-04-12
930,100310,31.91,2024-04-20
931,100311,87.03,2024-03-06
932,100311,32.89,2024-01-12
933,100312,48.56,2024-03-29
934,100312,81.73,2024-02-09
935,100313,24.8,2024-05-12
936,100313,65.66,2024-03-07
937,100314,25.96,2024-02-16
938,100315,91.61,2024-04-02
939,100315,77.2,2024-04-01
940,100315,69.65,2024-01-21
941,100316,33.82,2024-04-28
942,100316,89.2,2024-05-20
943,100316,19.43,2024-06-27
944,100317,96.69,2024-03-09
945,100318,66.3,2024-04-03
946,100318,65.43,2024-03-23
947,100318,43.51,2024-04-14
948,100318,54.72,2024-04-11
949,100319,95.85,2024-04-12
950,100319,7.43,2024-01-27
951,100319,10.93,2024-03-09
952,100319,28.61,2024-03-11
953,100319,81.84,2024-04-09
954,100319,56.86,2024-03-02
955,100320,69.84,2024-04-11
956,100320,10.11,2024-04-30
957,100320,66.34,2024-05-21
958,100320,28.14,2024-05-01
959,100320,81.23,2024-05-03
960,100321,27.38,2024-05-06
961,100321,82.13,2024-05-09
962,100321,32.5,2024-03-31
963,100322,64.37,2024-04-29
964,100322,21.04,2024-02-24
965,100322,73.16,2024-02-28
966,100322,85.66,2024-05-11
967,100323,43.17,2024-06-03
968,100323,53.56,2024-05-21
969,100323,48.79,2024-07-04
970,100324,72.04,2024-04-05
971,100324,39.48,2024-04-03
972,100324,33.9,2024-02-19
973,100324,63.14,2024-02-25
974,100325,69.52,2024-03-07
975,100325,27.14,2024-03-16
976,100326,18.23,2024-04-09
977,100326,97.7,2024-02-21
978,100326,29.29,2024-04-10
979,100326,37.69,2024-04-26
980,100327,42.69,2024-03-30
981,100327,11.97,2024-03-24
982,100327,87.57,2024-06-08
983,100327,45.11,2024-06-14
984,100327,23.59,2024-04-13
985,100328,93.43,2024-04-15
986,100328,35.48,2024-05-22
987,100328,34.6,2024-04-19
988,100328,46.35,2024-07-11
989,100329,44.78,2024-03-14
990,100329,15.01,2024-02-27
991,100330,73.66,2024-01-29
992,100330,16.32,2024-01-12
993,100330,28.01,2024-01-15
994,100330,40.61,2024-02-07
995,100331,99.46,2024-05-31
996,100331,27.1,2024-06-20
997,100332,37.42,2024-04-20
998,100332,69.18,2024-04-09
999,100332,88.36,2024-04-08
1000,100333,8.58,2024-05-26
1001,100333,50.91,2024-06-08
1002,100334,55.79,2024-03-11
1003,100334,5.66,2024-02-28
1004,100334,95.63,2024-05-05
1005,100334,82.79,2024-04-15
1006,100334,83.61,2024-03-10
1007,100334,99.23,2024-03-28
1008,100335,57.78,2024-04-18
1009,100335,26.27,2024-03-18
1010,100335,40.8,2024-03-25
1011,100336,37.24,2024-03-02
1012,100336,33.28,2024-02-18
1013,100336,34.89,2024-02-17
1014,100336,20.61,2024-04-27
1015,100337,6.97,2024-05-17
1016,100337,83.02,2024-04-04
1017,100337,12.4,2024-06-12
1018,100338,50.87,2024-04-12
1019,100338,53.62,2024-03-08
1020,100338,84.46,2024-04-16
1021,100339,89.38,2024-06-06
1022,100340,95.49,2024-02-22
1023,100340,56.73,2024-03-25
1024,100341,52.82,2024-04-06
1025,100341,67.2,2024-03-26
1026,100342,13.31,2024-05-27
1027,100342,25.95,2024-04-17
1028,100343,95.6,2024-07-09
1029,100343,74.8,2024-05-17
1030,100344,77.53,2024-04-27
1031,100344,98.22,2024-07-14
1032,100344,78.65,2024-07-14
1033,100345,47.78,2024-04-03
1034,100345,92.18,2024-04-10
1035,100346,58.38,2024-04-23
1036,100346,65.39,2024-06-13
1037,100346,19.11,2024-05-02
1038,100347,96.94,2024-03-16
1039,100347,58.62,2024-02-13
1040,100347,62.09,2024-03-18
1041,100348,81.09,2024-02-29
1042,100348,40.93,2024-01-03
1043,100348,44.25,2024-03-12
1044,100349,10.3,2024-05-02
1045,100349,27.88,2024-04-05
1046,100350,24.67,2024-02-21
1047,100351,82.17,2024-05-10
1048,100351,92.98,2024-05-16
1049,100351,96.75,2024-04-28
1050,100352,23.57,2024-02-23
1051,100352,92.07,2024-04-30
1052,100352,24.12,2024-04-28
1053,100352,77.18,2024-02-20
1054,100353,52.42,2024-04-20
1055,100353,13.28,2024-02-20
1056,100353,45.26,2024-02-27
1057,100353,29.87,2024-02-27
1058,100353,47.26,2024-03-21
1059,100354,85.6,2024-06-16
1060,100354,80.42,2024-07-09
1061,100354,37.23,2024-05-05
1062,100354,8.9,2024-05-14
1063,100354,42.53,2024-06-21
1064,100354,6.9,2024-06-16
1065,100355,76.15,2024-03-21
1066,100356,56.84,2024-07-01
1067,100356,32.73,2024-07-01
1068,100357,33.47,2024-05-08
1069,100357,55.89,2024-05-22
1070,100357,28.96,2024-06-25
1071,100357,53.54,2024-05-04
1072,100357,5.09,2024-05-26
1073,100357,7.1,2024-06-13
1074,100358,57.31,2024-03-07
1075,100358,86.41,2024-04-12
1076,100359,66.6,2024-04-01
1077,100359,52.24,2024-02-23
1078,100359,15.27,2024-03-10
1079,100359,82.5,2024-04-09
1080,100359,23.21,2024-04-08
1081,100360,85.52,2024-03-27
1082,100360,31.04,2024-03-31
1083,100360,20.72,2024-03-23
1084,100360,79.96,2024-04-12
1085,100361,25.12,2024-03-13
1086,100363,30.18,2024-02-07
1087,100363,93.37,2024-02-03
1088,100363,10.02,2024-02-27
1089,100363,16.52,2024-02-10
1090,100364,63.63,2024-05-18
1091,100364,60.36,2024-02-27
1092,100364,92.65,2024-03-13
1093,100364,73.51,2024-05-14
1094,100365,62.23,2024-06-25
1095,100365,43.75,2024-07-11
1096,100366,82.25,2024-02-12
1097,100367,76.25,2024-03-18
1098,100367,58.03,2024-04-19
1099,100367,11.62,2024-03-14
1100,100368,92.45,2024-07-08
1101,100368,57.52,2024-05-01
1102,100368,51.08,2024-06-02
1103,100368,68.91,2024-05-05
1104,100368,54.21,2024-05-16
1105,100368,31.73,2024-07-19
1106,100369,23.52,2024-04-26
1107,100369,40.91,2024-05-06
1108,100369,49.29,2024-04-10
1109,100369,8.46,2024-04-07
1110,100369,45.37,2024-05-06
1111,100370,45.06,2024-06-08
1112,100370,47.66,2024-07-15
1113,100370,36.58,2024-05-10
1114,100370,63.64,2024-07-19
1115,100371,62.08,2024-04-14
1116,100371,54.13,2024-04-21
1117,100371,64.92,2024-04-23
1118,100371,24.14,2024-03-31
1119,100371,21.13,2024-05-05
1120,100372,21.33,2024-02-13
1121,100373,37.61,2024-04-30
1122,100373,53.9,2024-04-05
1123,100374,55.62,2024-05-11
1124,100375,93.59,2024-03-31
1125,100375,37.86,2024-06-20
1126,100377,64.23,2024-06-12
1127,100377,35.04,2024-06-13
1128,100377,24.17,2024-05-06
1129,100377,77.24,2024-04-28
1130,100378,40.43,2024-06-22
1131,100378,26.45,2024-04-02
1132,100379,49.51,2024-07-02
1133,100380,95.45,2024-02-17
1134,100380,98.65,2024-03-26
1135,100381,56.14,2024-04-11
1136,100381,65.28,2024-05-26
1137,100381,83.81,2024-04-30
1138,100382,45.72,2024-02-29
1139,100382,36.56,2024-03-11
1140,100382,64.61,2024-03-14
1141,100382,24.46,2024-03-09
1142,100382,75.16,2024-02-02
1143,100383,24.33,2024-06-09
1144,100384,97.78,2024-04-27
1145,100384,27.71,2024-06-06
1146,100385,42.41,2024-05-23
1147,100385,17.67,2024-04-16
1148,100385,75.53,2024-04-25
1149,100385,92.81,2024-04-17
1150,100385,32.48,2024-05-14
1151,100385,20.96,2024-03-07
1152,100386,59.84,2024-03-29
1153,100386,6.58,2024-04-02
1154,100387,44.02,2024-04-03
1155,100387,29.36,2024-04-15
1156,100388,34.52,2024-04-29
1157,100388,52.68,2024-05-02
1158,100388,49.35,2024-06-16
1159,100389,96.84,2024-03-31
1160,100389,70.47,2024-05-26
1161,100389,15.56,2024-04-19
1162,100389,44.63,2024-05-25
1163,100389,24.38,2024-04-14
1164,100390,34.58,2024-03-09
1165,100390,32.63,2024-03-02
1166,100391,53.75,2024-06-10
1167,100391,79.1,2024-07-02
1168,100391,26.61,2024-05-23
1169,100392,48.39,2024-02-12
1170,100392,22.02,2024-03-14
1171,100392,47.77,2024-04-11
1172,100393,73.44,2024-05-12
1173,100393,22.51,2024-05-25
1174,100393,12.53,2024-06-01
1175,100396,79.43,2024-02-09
1176,100396,15.63,2024-02-23
1177,100396,46.12,2024-03-23
1178,100397,94.81,2024-03-09
1179,100397,96.4,2024-05-07
1180,100397,9.8,2024-05-14
1181,100397,89.59,2024-04-11
1182,100397,18.57,2024-02-22
1183,100398,60.82,2024-03-25
1184,100398,59.96,2024-03-02
1185,100399,12.06,2024-06-23
1186,100400,42.33,2024-04-04
1187,100400,37.98,2024-03-25
1188,100401,47.74,2024-01-09
1189,100401,74.65,2024-01-26
1190,100401,87.38,2024-02-15
1191,100401,55.67,2024-03-18
1192,100401,14.21,2024-02-12
1193,100401,97.86,2024-01-11
1194,100401,10.49,2024-03-16
1195,100401,62.31,2024-03-15
1196,100402,68.46,2024-05-03
1197,100402,40.24,2024-05-28
1198,100402,82.63,2024-06-03
1199,100404,79.27,2024-02-11
1200,100405,76.31,2024-04-06
1201,100405,29.78,2024-02-27
1202,100405,22.61,2024-04-16
1203,100405,47.32,2024-05-13
1204,100405,12.56,2024-04-03
1205,100406,40.34,2024-04-19
1206,100406,17.48,2024-04-03
1207,100406,42.48,2024-05-14
1208,100406,28.18,2024-05-28
1209,100407,20.26,2024-05-14
1210,100407,70.34,2024-05-16
1211,100407,16.36,2024-03-22
1212,100407,15.11,2024-04-06
1213,100407,41.7,2024-05-17
1214,100407,75.99,2024-02-29
1215,100409,53.84,2024-04-07
1216,100409,47.25,2024-05-31
1217,100410,11.09,2024-06-01
1218,100410,75.26,2024-06-12
1219,100410,84.95,2024-06-01
1220,100410,82.41,2024-07-15
1221,100410,25.67,2024-05-30
1222,100411,50.94,2024-04-07
1223,100411,63.92,2024-02-08
1224,100412,30.76,2024-05-06
1225,100412,44.06,2024-07-11
1226,100413,87.8,2024-02-03
1227,100413,47.22,2024-02-02
1228,100413,73.08,2024-03-10
1229,100414,86.54,2024-04-24
1230,100414,6.2,2024-04-25
1231,100415,71.65,2024-07-01
1232,100415,43.87,2024-06-27
1233,100416,47.4,2024-06-17
1234,100416,91.43,2024-07-15
1235,100416,9.99,2024-05-27
1236,100416,67.92,2024-06-14
1237,100417,5.2,2024-04-05
1238,100417,54.24,2024-02-25
1239,100417,21.54,2024-05-01
1240,100417,65.01,2024-03-01
1241,100418,47.68,2024-05-08
1242,100419,35.67,2024-01-28
1243,100419,47.39,2024-02-27
1244,100420,15.09,2024-02-19
1245,100420,33.67,2024-04-06
1246,100420,64.7,2024-04-22
1247,100421,59.85,2024-04-08
1248,100422,13.1,2024-05-15
1249,100422,46.33,2024-05-14
1250,100422,56.82,2024-06-10
1251,100423,60.58,2024-03-15
1252,100423,54.8,2024-02-18
1253,100423,49.39,2024-02-03
1254,100424,64.04,2024-03-28
1255,100424,29.46,2024-02-25
1256,100424,90.44,2024-03-12
1257,100424,41.58,2024-03-29
1258,100425,93.57,2024-04-15
1259,100425,65.72,2024-05-30
1260,100425,46.49,2024-05-27
1261,100425,79.96,2024-04-09
1262,100426,43.75,2024-02-18
1263,100426,7.06,2024-03-14
1264,100426,83.07,2024-03-04
1265,100427,91.62,2024-04-21
1266,100427,8.8,2024-07-13
1267,100427,14.22,2024-06-10
1268,100428,10.23,2024-05-17
1269,100429,11.28,2024-06-30
1270,100429,91.82,2024-06-15
1271,100429,50.4,2024-04-09
1272,100429,76.21,2024-06-06
1273,100430,16.9,2024-03-14
1274,100430,8.78,2024-03-25
1275,100431,75.0,2024-04-24
1276,100431,59.41,2024-04-28
1277,100431,94.08,2024-04-16
1278,100431,28.1,2024-05-12
1279,100431,23.29,2024-05-11
1280,100432,62.55,2024-04-15
1281,100432,13.68,2024-02-26
1282,100432,76.55,2024-03-14
1283,100432,87.61,2024-05-07
1284,100433,54.92,2024-04-08
1285,100433,59.41,2024-03-07
1286,100433,99.84,2024-02-02
1287,100434,75.46,2024-03-16
1288,100434,89.85,2024-01-09
1289,100434,38.49,2024-02-15
1290,100434,70.92,2024-01-31
1291,100434,69.24,2024-03-10
1292,100435,62.21,2024-04-11
1293,100435,63.74,2024-04-02
1294,100435,11.73,2024-04-10
1295,100435,84.27,2024-04-26
1296,100436,32.18,2024-03-28
1297,100437,72.66,2024-02-21
1298,100437,25.68,2024-05-03
1299,100437,51.97,2024-04-22
1300,100438,97.73,2024-02-21
1301,100438,24.77,2024-04-06
1302,100439,76.71,2024-04-18
1303,100439,47.56,2024-04-21
1304,100439,98.49,2024-02-26
1305,100439,98.47,2024-05-05
1306,100440,91.95,2024-05-10
1307,100440,88.48,2024-04-08
1308,100441,26.19,2024-04-10
1309,100441,48.02,2024-02-19
1310,100442,13.84,2024-05-02
1311,100442,14.94,2024-05-27
1312,100442,53.76,2024-05-30
1313,100443,66.13,2024-05-13
1314,100444,13.24,2024-06-01
1315,100445,67.3,2024-03-26
1316,100446,21.36,2024-06-01
1317,100446,89.64,2024-04-25
1318,100446,18.36,2024-05-09
1319,100446,37.47,2024-06-25
1320,100447,98.1,2024-04-28
1321,100448,86.42,2024-04-29
1322,100448,41.37,2024-04-28
1323,100448,51.48,2024-02-18
1324,100448,46.59,2024-02-20
1325,100449,27.74,2024-03-09
1326,100449,29.02,2024-03-13
1327,100449,30.46,2024-02-11
1328,100449,5.35,2024-03-21
1329,100450,7.67,2024-05-14
1330,100450,64.54,2024-04-06
1331,100451,98.08,2024-05-06
1332,100451,21.53,2024-06-23
1333,100453,25.09,2024-04-19
1334,100453,44.3,2024-04-30
1335,100453,92.0,2024-04-14
1336,100454,14.51,2024-06-10
1337,100454,79.26,2024-06-19
1338,100454,29.76,2024-05-31
1339,100454,37.51,2024-04-13
1340,100454,44.8,2024-06-05
1341,100455,31.74,2024-07-04
1342,100455,18.64,2024-06-08
1343,100455,16.44,2024-05-22
1344,100456,76.52,2024-05-28
1345,100456,11.72,2024-03-30
1346,100456,60.31,2024-05-09
1347,100456,99.64,2024-05-06
1348,100456,65.32,2024-03-26
1349,100456,46.05,2024-03-24
1350,100456,42.08,2024-04-12
1351,100457,6.58,2024-05-28
1352,100457,31.33,2024-04-28
1353,100457,53.07,2024-05-06
1354,100457,96.11,2024-06-02
1355,100457,73.15,2024-04-26
1356,100458,5.82,2024-07-17
1357,100458,65.05,2024-06-04
1358,100459,45.16,2024-04-01
1359,100459,18.82,2024-04-13
1360,100460,27.49,2024-06-05
1361,100460,59.93,2024-06-02
1362,100460,29.54,2024-03-30
1363,100460,7.77,2024-04-07
1364,100461,24.4,2024-02-19
1365,100462,81.08,2024-04-02
1366,100462,5.07,2024-05-04
1367,100462,60.69,2024-04-14
1368,100462,63.78,2024-06-07
1369,100462,49.07,2024-04-13
1370,100463,56.58,2024-02-16
1371,100463,48.37,2024-02-25
1372,100463,93.34,2024-03-23
1373,100463,47.45,2024-04-27
1374,100464,86.05,2024-03-09
1375,100464,93.6,2024-04-27
1376,100465,68.31,2024-03-17
1377,100466,21.6,2024-04-07
1378,100466,96.63,2024-01-30
1379,100467,89.78,2024-05-14
1380,100467,53.37,2024-07-01
1381,100467,28.59,2024-05-22
1382,100468,65.35,2024-05-09
1383,100468,44.06,2024-04-19
1384,100468,92.88,2024-05-16
1385,100468,88.54,2024-06-23
1386,100469,86.52,2024-04-01
1387,100469,98.12,2024-03-20
1388,100469,75.49,2024-05-11
1389,100471,82.04,2024-03-28
1390,100471,85.2,2024-03-28
1391,100471,54.42,2024-05-16
1392,100473,83.43,2024-02-18
1393,100473,25.62,2024-05-01
1394,100474,56.07,2024-03-30
1395,100474,30.99,2024-02-26
1396,100474,6.61,2024-03-10
1397,100474,9.24,2024-03-24
1398,100475,93.57,2024-05-20
1399,100476,90.8,2024-03-17
1400,100476,52.4,2024-02-21
1401,100477,77.73,2024-02-18
1402,100478,87.88,2024-03-31
1403,100478,62.74,2024-04-07
1404,100478,96.42,2024-05-22
1405,100479,30.29,2024-02-14
1406,100481,17.58,2024-02-29
1407,100481,68.58,2024-03-17
1408,100481,13.5,2024-02-12
1409,100482,12.51,2024-07-12
1410,100482,17.25,2024-05-29
1411,100482,14.61,2024-07-11
1412,100483,31.05,2024-03-05
1413,100483,72.8,2024-03-22
1414,100483,81.21,2024-01-26
1415,100484,45.62,2024-05-24
1416,100484,48.06,2024-06-20
1417,100485,93.94,2024-02-07
1418,100485,39.34,2024-03-14
1419,100486,51.58,2024-07-04
1420,100486,84.03,2024-05-16
1421,100486,60.85,2024-05-01
1422,100486,51.73,2024-05-15
1423,100487,97.94,2024-04-10
1424,100487,95.18,2024-04-30
1425,100487,21.04,2024-02-18
1426,100487,70.51,2024-04-22
1427,100488,47.49,2024-02-13
1428,100488,36.23,2024-02-28
1429,100489,77.15,2024-03-10
1430,100489,12.28,2024-04-18
1431,100490,58.56,2024-06-21
1432,100490,92.12,2024-07-06
1433,100490,9.97,2024-06-13
1434,100491,22.95,2024-05-15
1435,100491,17.03,2024-03-17
1436,100491,54.32,2024-03-05
1437,100491,12.78,2024-03-24
1438,100492,91.9,2024-02-26
1439,100492,67.6,2024-02-17
1440,100492,8.61,2024-04-12
1441,100492,68.85,2024-04-02
1442,100492,24.2,2024-05-01
1443,100493,81.22,2024-04-13
1444,100494,68.36,2024-03-13
1445,100494,76.85,2024-03-19
1446,100494,34.78,2024-03-08
1447,100495,81.17,2024-06-26
1448,100495,49.78,2024-07-12
1449,100495,15.3,2024-07-03
1450,100496,94.89,2024-02-04
1451,100496,68.9,2024-03-29
1452,100496,9.78,2024-04-02
1453,100496,53.01,2024-04-13
1454,100497,74.34,2024-05-28
1455,100497,29.19,2024-06-16
1456,100497,47.76,2024-06-25
1457,100497,10.31,2024-05-13
1458,100497,33.75,2024-06-05
1459,100498,55.07,2024-02-25
1460,100498,88.83,2024-04-26
1461,100499,42.0,2024-02-22
1462,100499,81.26,2024-02-24
1463,100499,33.24,2024-04-04
1464,100499,29.4,2024-01-31
1465,100500,99.99,2024-02-27
1466,100502,63.04,2024-03-28
1467,100502,43.24,2024-05-10
1468,100502,54.56,2024-04-03
1469,100503,69.77,2024-01-31
1470,100503,43.09,2024-02-29
1471,100503,14.96,2024-01-12
1472,100503,54.42,2024-02-06
1473,100504,80.85,2024-04-03
1474,100505,21.76,2024-04-23
1475,100505,11.69,2024-02-09
1476,100506,20.12,2024-03-05
1477,100506,44.85,2024-02-25
1478,100506,89.93,2024-05-11
1479,100507,52.53,2024-03-18
1480,100507,21.07,2024-04-11
1481,100508,13.18,2024-05-22
1482,100509,43.03,2024-03-22
1483,100509,63.86,2024-01-27
1484,100510,54.37,2024-05-19
1485,100510,85.04,2024-07-10
1486,100510,9.83,2024-04-21
1487,100511,78.63,2024-03-11
1488,100511,62.65,2024-03-16
1489,100511,23.52,2024-01-22
1490,100511,53.34,2024-02-04
1491,100511,72.79,2024-01-17
1492,100511,47.22,2024-02-18
1493,100511,87.43,2024-02-17
1494,100512,96.62,2024-02-18
1495,100512,35.37,2024-04-02
1496,100512,71.34,2024-04-07
1497,100513,47.05,2024-05-03
1498,100513,78.9,2024-04-20
1499,100513,58.73,2024-04-23
1500,100513,40.74,2024-04-22
1501,100514,74.2,2024-06-15
1502,100514,37.51,2024-05-03
1503,100514,59.83,2024-07-10
1504,100514,13.02,2024-07-18
1505,100515,47.02,2024-05-12
1506,100515,95.32,2024-06-08
1507,100515,69.85,2024-06-02
1508,100516,28.1,2024-03-08
1509,100516,20.98,2024-03-11
1510,100516,77.43,2024-03-11
1511,100516,68.16,2024-02-14
1512,100517,44.68,2024-06-27
1513,100517,87.48,2024-06-20
1514,100518,8.57,2024-04-14
1515,100518,78.71,2024-06-01
1516,100518,97.0,2024-06-08
1517,100518,48.53,2024-06-19
1518,100519,91.07,2024-03-30
1519,100519,49.63,2024-03-08
1520,100520,10.71,2024-04-20
1521,100520,68.08,2024-03-14
1522,100520,23.31,2024-04-14
1523,100521,62.05,2024-05-20
1524,100521,70.57,2024-04-24
1525,100521,48.66,2024-05-13
1526,100521,53.29,2024-05-04
1527,100521,75.55,2024-05-28
1528,100521,84.15,2024-05-03
1529,100522,31.4,2024-05-18
1530,100522,36.31,2024-03-30
1531,100522,92.28,2024-03-26
1532,100522,88.83,2024-05-06
1533,100523,54.66,2024-04-14
1534,100523,34.89,2024-04-03
1535,100524,24.5,2024-04-04
1536,100524,16.93,2024-03-08
1537,100525,18.04,2024-03-08
1538,100525,14.78,2024-03-19
1539,100525,95.02,2024-04-03
1540,100525,79.52,2024-02-02
1541,100525,74.8,2024-04-20
1542,100526,58.4,2024-05-07
1543,100526,40.97,2024-03-03
1544,100527,56.22,2024-04-09
1545,100527,64.13,2024-05-17
1546,100527,11.04,2024-04-05
1547,100527,62.37,2024-04-26
1548,100527,13.99,2024-05-13
1549,100527,52.42,2024-05-04
1550,100528,43.54,2024-05-02
1551,100530,71.72,2024-05-21
1552,100530,56.12,2024-04-12
1553,100530,29.83,2024-04-26
1554,100530,77.8,2024-04-16
1555,100531,76.21,2024-04-21
1556,100531,61.29,2024-04-07
1557,100531,39.18,2024-05-19
1558,100531,5.95,2024-05-01
1559,100531,15.68,2024-03-04
1560,100531,51.78,2024-03-16
1561,100531,45.32,2024-04-10
1562,100532,47.15,2024-05-01
1563,100532,44.08,2024-04-19
1564,100532,26.07,2024-04-02
1565,100532,96.48,2024-06-15
1566,100533,81.72,2024-03-24
1567,100533,31.54,2024-04-15
1568,100533,69.9,2024-05-11
1569,100534,7.89,2024-03-04
1570,100535,74.08,2024-03-13
1571,100535,56.02,2024-02-26
1572,100536,84.95,2024-03-18
1573,100536,27.1,2024-05-15
1574,100536,92.99,2024-05-24
1575,100536,25.94,2024-05-10
1576,100536,68.58,2024-06-01
1577,100536,10.83,2024-04-08
1578,100536,62.66,2024-05-15
1579,100536,97.2,2024-05-07
1580,100537,18.72,2024-01-21
1581,100537,36.74,2024-01-26
1582,100537,50.95,2024-04-01
1583,100537,5.81,2024-03-20
1584,100537,7.46,2024-04-06
1585,100538,95.74,2024-03-30
1586,100538,61.4,2024-04-16
1587,100539,71.22,2024-04-22
1588,100539,67.32,2024-07-02
1589,100539,76.01,2024-07-14
1590,100540,12.4,2024-05-20
1591,100540,83.43,2024-03-16
1592,100541,59.05,2024-04-18
1593,100542,37.27,2024-05-22
1594,100542,9.67,2024-04-19
1595,100542,80.1,2024-06-22
1596,100542,33.66,2024-06-23
1597,100543,78.07,2024-02-05
1598,100543,60.25,2024-02-20
1599,100543,57.32,2024-02-26
1600,100543,39.77,2024-04-04
1601,100544,90.46,2024-05-02
1602,100544,34.29,2024-05-08
1603,100545,55.39,2024-03-06
1604,100545,61.07,2024-05-27
1605,100545,52.66,2024-05-18
1606,100546,82.74,2024-06-21
1607,100546,32.15,2024-05-23
1608,100547,46.62,2024-05-26
1609,100548,91.15,2024-03-18
1610,100548,29.31,2024-02-29
1611,100548,47.73,2024-01-15
1612,100548,80.44,2024-01-20
1613,100549,23.01,2024-04-22
1614,100549,86.6,2024-06-08
1615,100549,23.81,2024-06-22
1616,100550,28.86,2024-04-20
1617,100550,11.23,2024-04-15
1618,100550,33.14,2024-03-13
1619,100551,75.72,2024-01-18
1620,100551,80.31,2024-03-28
1621,100551,81.73,2024-01-30
1622,100551,8.96,2024-03-15
1623,100551,17.51,2024-03-06
1624,100552,27.15,2024-06-22
1625,100552,6.68,2024-06-08
1626,100552,70.94,2024-05-17
1627,100552,43.08,2024-06-15
1628,100553,80.06,2024-04-15
1629,100553,44.45,2024-04-19
1630,100554,67.88,2024-05-21
1631,100554,62.95,2024-06-20
1632,100555,41.0,2024-06-13
1633,100555,43.61,2024-04-12
1634,100556,37.23,2024-03-27
1635,100556,27.05,2024-02-25
1636,100556,25.74,2024-03-09
1637,100557,13.49,2024-04-14
1638,100558,89.25,2024-02-25
1639,100558,75.84,2024-05-17
1640,100560,86.49,2024-03-25
1641,100560,5.39,2024-03-12
1642,100562,94.66,2024-03-30
1643,100562,89.41,2024-01-31
1644,100563,59.17,2024-07-05
1645,100563,99.48,2024-05-03
1646,100564,54.24,2024-05-07
1647,100564,13.21,2024-07-11
1648,100564,96.47,2024-05-08
1649,100565,99.92,2024-03-04
1650,100566,11.13,2024-03-29
1651,100566,56.68,2024-02-29
1652,100567,15.72,2024-02-22
1653,100567,81.64,2024-02-14
1654,100567,20.65,2024-04-06
1655,100568,60.87,2024-07-20
1656,100568,38.73,2024-06-07
1657,100568,57.47,2024-06-07
1658,100569,58.61,2024-04-20
1659,100569,36.63,2024-05-03
1660,100569,42.86,2024-05-26
1661,100569,70.39,2024-03-04
1662,100570,55.05,2024-02-05
1663,100570,60.08,2024-02-01
1664,100570,25.84,2024-02-16
1665,100571,22.07,2024-05-30
1666,100571,9.95,2024-06-10
1667,100571,68.32,2024-04-18
1668,100571,50.33,2024-05-19
1669,100571,10.2,2024-05-08
1670,100572,54.17,2024-05-03
1671,100572,69.23,2024-03-14
1672,100572,93.5,2024-05-09
1673,100572,41.82,2024-03-11
1674,100572,92.26,2024-04-11
1675,100572,39.52,2024-04-13
1676,100572,39.83,2024-03-17
1677,100572,20.14,2024-03-09
1678,100573,53.87,2024-03-21
1679,100573,44.55,2024-03-26
1680,100573,53.21,2024-05-02
1681,100574,6.84,2024-05-20
1682,100574,53.28,2024-06-01
1683,100574,31.14,2024-06-18
1684,100574,65.22,2024-06-13
1685,100575,24.06,2024-05-21
1686,100575,42.32,2024-05-27
1687,100575,34.11,2024-06-15
1688,100576,12.88,2024-05-10
1689,100577,78.03,2024-06-19
1690,100577,7.83,2024-05-24
1691,100577,24.56,2024-06-30
1692,100577,55.89,2024-06-20
1693,100578,24.65,2024-03-16
1694,100579,90.57,2024-03-04
1695,100579,84.32,2024-02-10
1696,100580,81.15,2024-02-20
1697,100580,45.07,2024-03-31
1698,100581,66.12,2024-01-20
1699,100582,31.04,2024-07-16
1700,100583,93.07,2024-01-12
1701,100583,32.73,2024-02-23
1702,100583,76.73,2024-03-16
1703,100584,87.27,2024-04-11
1704,100584,85.8,2024-05-22
1705,100585,65.62,2024-02-18
1706,100585,53.6,2024-03-18
1707,100585,17.23,2024-02-28
1708,100585,47.34,2024-03-24
1709,100587,68.94,2024-02-17
1710,100587,11.88,2024-04-27
1711,100587,77.51,2024-03-07
1712,100587,18.97,2024-03-04
1713,100588,89.32,2024-04-17
1714,100588,56.37,2024-06-22
1715,100588,71.75,2024-05-24
1716,100588,55.48,2024-05-24
1717,100588,97.05,2024-05-08
1718,100589,59.82,2024-06-12
1719,100589,44.27,2024-06-12
1720,100589,46.42,2024-06-10
1721,100589,83.65,2024-06-28
1722,100589,17.58,2024-06-20
1723,100589,23.44,2024-07-19
1724,100589,73.51,2024-05-17
1725,100590,49.72,2024-04-18
1726,100590,40.05,2024-03-04
1727,100590,27.87,2024-04-18
1728,100591,90.15,2024-04-12
1729,100592,22.74,2024-06-09
1730,100592,77.84,2024-04-18
1731,100592,41.78,2024-06-09
1732,100592,55.69,2024-04-28
1733,100594,31.57,2024-06-06
1734,100594,72.37,2024-04-28
1735,100597,34.42,2024-05-05
1736,100597,80.3,2024-04-21
1737,100597,43.17,2024-04-10
1738,100598,19.46,2024-05-06
1739,100598,29.64,2024-04-22
1740,100599,68.04,2024-05-06
1741,100599,61.13,2024-03-16
1742,100599,66.37,2024-03-15
1743,100599,93.6,2024-04-23
1744,100599,70.38,2024-06-01
1745,100600,55.09,2024-05-11
1746,100600,50.96,2024-03-22
1747,100600,89.34,2024-04-22
1748,100601,54.42,2024-05-27
1749,100601,46.48,2024-04-22
1750,100601,47.75,2024-04-02
1751,100602,22.38,2024-04-05
1752,100602,46.08,2024-04-03
1753,100603,10.54,2024-06-06
1754,100604,77.69,2024-07-01
1755,100604,48.71,2024-07-16
1756,100604,66.57,2024-07-03
1757,100606,50.79,2024-05-15
1758,100606,47.97,2024-04-13
1759,100606,34.41,2024-04-29
1760,100607,5.87,2024-04-05
1761,100607,99.83,2024-03-19
1762,100607,23.16,2024-04-09
1763,100608,92.24,2024-02-22
1764,100608,23.17,2024-02-28
1765,100608,79.83,2024-03-08
1766,100608,81.42,2024-04-01
1767,100608,6.03,2024-01-25
1768,100609,88.55,2024-05-16
1769,100609,12.83,2024-04-18
1770,100609,11.69,2024-03-24
1771,100610,68.77,2024-06-21
1772,100610,51.21,2024-05-03
1773,100610,23.76,2024-06-06
1774,100611,64.48,2024-04-30
1775,100611,53.04,2024-04-01
1776,100611,63.69,2024-06-19
1777,100611,67.28,2024-05-17
1778,100611,96.42,2024-04-23
1779,100611,60.51,2024-05-29
1780,100612,74.34,2024-05-20
1781,100612,87.13,2024-03-23
1782,100612,72.56,2024-04-17
1783,100613,76.84,2024-04-08
1784,100614,50.23,2024-04-11
1785,100614,67.0,2024-04-15
1786,100614,25.0,2024-06-08
1787,100614,27.19,2024-04-16
1788,100614,17.8,2024-05-01
1789,100615,41.09,2024-04-03
1790,100615,29.2,2024-05-20
1791,100615,58.19,2024-06-12
1792,100616,56.47,2024-03-12
1793,100616,26.33,2024-04-19
1794,100617,93.73,2024-04-05
1795,100617,51.62,2024-03-17
1796,100617,77.23,2024-04-27
1797,100617,80.49,2024-04-08
1798,100617,90.74,2024-05-14
1799,100618,58.75,2024-05-19
1800,100618,14.61,2024-06-18
1801,100618,91.66,2024-07-02
1802,100619,29.24,2024-06-28
1803,100619,56.91,2024-06-15
1804,100620,56.67,2024-04-29
1805,100620,39.95,2024-05-20
1806,100620,71.11,2024-04-22
1807,100621,32.03,2024-03-26
1808,100621,86.96,2024-04-10
1809,100621,21.07,2024-03-28
1810,100621,86.07,2024-03-06
1811,100622,98.3,2024-05-31
1812,100622,47.23,2024-05-16
1813,100622,35.95,2024-05-06
1814,100622,68.65,2024-04-26
1815,100624,47.34,2024-06-02
1816,100624,16.98,2024-05-24
1817,100625,45.87,2024-02-27
1818,100626,99.3,2024-03-31
1819,100626,59.18,2024-05-02
1820,100627,55.11,2024-05-02
1821,100628,20.27,2024-02-18
1822,100628,20.06,2024-02-20
1823,100628,38.16,2024-04-17
1824,100628,65.74,2024-04-07
1825,100628,64.89,2024-04-13
1826,100628,40.49,2024-03-24
1827,100628,8.86,2024-04-06
1828,100628,29.38,2024-03-08
1829,100629,55.03,2024-05-06
1830,100629,30.08,2024-06-13
1831,100629,11.31,2024-04-14
1832,100630,35.47,2024-04-13
1833,100631,11.46,2024-04-24
1834,100631,75.57,2024-05-06
1835,100631,75.12,2024-06-09
1836,100632,12.67,2024-03-26
1837,100632,27.24,2024-04-27
1838,100634,38.23,2024-06-03
1839,100634,53.69,2024-04-27
1840,100634,16.68,2024-05-10
1841,100634,69.18,2024-05-02
1842,100635,56.72,2024-04-12
1843,100635,12.22,2024-02-18
1844,100635,98.57,2024-02-11
1845,100636,23.48,2024-02-16
1846,100636,40.45,2024-02-19
1847,100636,86.29,2024-03-11
1848,100636,22.96,2024-03-25
1849,100636,70.94,2024-01-26
1850,100637,12.48,2024-07-17
1851,100637,39.46,2024-07-03
1852,100637,60.94,2024-05-10
1853,100638,98.77,2024-06-03
1854,100639,7.3,2024-06-28
1855,100639,66.74,2024-04-16
1856,100639,81.97,2024-05-27
1857,100640,17.22,2024-02-22
1858,100640,70.52,2024-02-09
1859,100641,43.43,2024-04-15
1860,100641,60.58,2024-04-30
1861,100642,45.3,2024-05-13
1862,100642,38.8,2024-05-29
1863,100642,83.39,2024-04-05
1864,100643,16.04,2024-02-23
1865,100643,23.64,2024-03-14
1866,100643,22.86,2024-03-19
1867,100644,10.24,2024-03-26
1868,100644,71.78,2024-03-15
1869,100644,48.71,2024-01-20
1870,100645,90.19,2024-02-28
1871,100646,8.34,2024-05-08
1872,100647,23.54,2024-02-13
1873,100647,46.53,2024-01-27
1874,100647,62.38,2024-02-08
1875,100647,99.9,2024-01-30
1876,100647,98.45,2024-03-01
1877,100647,35.45,2024-03-02
1878,100647,50.55,2024-02-16
1879,100647,63.04,2024-03-19
1880,100649,87.73,2024-04-09
1881,100649,60.34,2024-06-06
1882,100649,86.12,2024-05-25
1883,100649,6.21,2024-06-05
1884,100649,47.44,2024-05-25
1885,100649,18.13,2024-04-30
1886,100649,12.7,2024-04-06
1887,100650,86.81,2024-06-17
1888,100650,62.34,2024-06-13
1889,100650,87.37,2024-06-26
1890,100650,43.46,2024-06-29
1891,100650,84.12,2024-04-22
1892,100650,31.24,2024-05-21
1893,100650,57.9,2024-05-26
1894,100650,69.74,2024-05-14
1895,100650,36.06,2024-05-27
1896,100651,51.39,2024-03-31
1897,100651,32.1,2024-02-04
1898,100651,76.09,2024-01-16
1899,100651,10.36,2024-03-17
1900,100652,73.72,2024-01-19
1901,100652,85.37,2024-02-09
1902,100652,29.65,2024-01-18
1903,100652,16.33,2024-02-06
1904,100653,83.92,2024-03-06
1905,100653,23.23,2024-02-18
1906,100653,78.32,2024-01-26
1907,100653,98.98,2024-02-13
1908,100653,48.6,2024-04-03
1909,100654,43.85,2024-06-10
1910,100654,49.16,2024-05-23
1911,100654,47.71,2024-04-26
1912,100655,7.71,2024-07-25
1913,100655,15.77,2024-06-04
1914,100655,32.8,2024-05-31
1915,100656,8.58,2024-03-02
1916,100656,95.38,2024-01-21
1917,100656,19.07,2024-02-27
1918,100657,26.26,2024-06-23
1919,100658,55.78,2024-04-28
1920,100658,44.66,2024-05-16
1921,100658,83.34,2024-04-19
1922,100658,12.05,2024-05-04
1923,100658,94.68,2024-04-07
1924,100658,73.87,2024-04-06
1925,100659,26.97,2024-02-04
1926,100659,33.93,2024-04-10
1927,100659,21.78,2024-04-24
1928,100660,88.68,2024-06-19
1929,100660,25.06,2024-05-11
1930,100660,21.99,2024-05-23
1931,100660,84.86,2024-06-28
1932,100661,35.45,2024-04-22
1933,100662,53.78,2024-02-26
1934,100662,40.42,2024-03-14
1935,100662,46.84,2024-02-02
1936,100662,15.7,2024-03-14
1937,100662,62.31,2024-03-09
1938,100663,10.35,2024-03-13
1939,100663,89.93,2024-03-06
1940,100663,36.61,2024-03-29
1941,100664,53.88,2024-05-10
1942,100664,35.36,2024-04-08
1943,100665,59.08,2024-04-30
1944,100666,66.02,2024-03-14
1945,100666,73.99,2024-02-09
1946,100666,33.41,2024-04-11
1947,100667,70.82,2024-04-27
1948,100667,44.44,2024-02-18
1949,100668,55.14,2024-05-12
1950,100668,59.9,2024-04-06
1951,100669,21.38,2024-02-23
1952,100669,57.77,2024-03-26
1953,100669,13.9,2024-04-27
1954,100670,75.14,2024-04-26
1955,100670,88.83,2024-03-02
1956,100670,93.92,2024-03-26
1957,100670,48.88,2024-03-24
1958,100671,66.25,2024-06-27
1959,100671,71.01,2024-04-24
1960,100671,57.65,2024-07-02
1961,100671,50.55,2024-04-14
1962,100673,31.55,2024-05-06
1963,100674,26.21,2024-03-28
1964,100675,58.87,2024-02-24
1965,100675,18.27,2024-04-08
1966,100675,45.05,2024-03-21
1967,100675,93.7,2024-04-23
1968,100675,55.11,2024-04-02
1969,100676,13.32,2024-02-11
1970,100677,20.57,2024-04-27
1971,100677,49.02,2024-05-04
1972,100677,47.25,2024-04-24
1973,100677,33.75,2024-05-14
1974,100678,28.48,2024-03-21
1975,100678,68.62,2024-04-13
1976,100678,88.76,2024-05-11
1977,100679,72.77,2024-03-27
1978,100679,98.34,2024-04-10
1979,100679,31.84,2024-04-03
1980,100680,37.18,2024-03-16
1981,100681,37.4,2024-03-27
1982,100681,76.21,2024-03-24
1983,100681,54.23,2024-02-27
1984,100681,65.08,2024-03-19
1985,100682,37.48,2024-02-04
1986,100682,52.53,2024-04-07
1987,100682,60.24,2024-02-02
1988,100683,24.32,2024-05-26
1989,100683,94.0,2024-05-02
1990,100683,69.69,2024-05-29
1991,100684,98.7,2024-04-24
1992,100684,35.24,2024-05-02
1993,100685,6.99,2024-01-29
1994,100685,50.71,2024-03-02
1995,100685,26.84,2024-03-31
1996,100686,56.39,2024-05-11
1997,100686,74.12,2024-07-04
1998,100686,94.69,2024-07-09
1999,100686,46.5,2024-06-24
2000,100686,14.03,2024-07-01
2001,100687,55.18,2024-05-31
2002,100687,48.29,2024-06-09
2003,100688,17.52,2024-03-10
2004,100688,82.97,2024-03-31
2005,100688,87.31,2024-03-26
2006,100688,16.25,2024-02-22
2007,100688,16.24,2024-03-11
2008,100689,26.98,2024-05-21
2009,100689,6.38,2024-06-15
2010,100689,64.59,2024-05-22
2011,100689,40.59,2024-04-02
2012,100690,78.77,2024-03-29
2013,100690,94.32,2024-03-28
2014,100690,63.03,2024-03-24
2015,100691,26.31,2024-05-21
2016,100692,89.34,2024-04-05
2017,100692,51.94,2024-02-08
2018,100692,24.95,2024-02-12
2019,100693,81.16,2024-04-29
2020,100693,51.61,2024-05-17
2021,100693,90.17,2024-04-30
2022,100694,30.57,2024-04-18
2023,100694,50.47,2024-04-12
2024,100694,99.25,2024-03-31
2025,100694,32.77,2024-04-23
2026,100695,56.06,2024-03-25
2027,100695,69.57,2024-03-15
2028,100695,28.26,2024-05-02
2029,100696,72.65,2024-06-09
2030,100696,8.57,2024-05-01
2031,100697,21.04,2024-03-14
2032,100697,74.18,2024-02-17
2033,100697,61.69,2024-04-30
2034,100698,60.6,2024-07-10
2035,100698,89.44,2024-07-03
2036,100700,18.38,2024-03-03
2037,100700,99.23,2024-02-06
2038,100700,93.53,2024-03-21
2039,100701,70.86,2024-05-26
2040,100701,89.91,2024-04-15
2041,100702,88.49,2024-04-29
2042,100702,17.25,2024-03-22
2043,100702,90.3,2024-05-05
2044,100703,62.39,2024-05-26
2045,100704,20.36,2024-06-15
2046,100704,91.91,2024-06-05
2047,100705,72.37,2024-07-04
2048,100705,25.05,2024-06-26
2049,100706,33.28,2024-04-19
2050,100706,84.67,2024-03-23
2051,100706,70.25,2024-04-25
2052,100706,31.03,2024-04-05
2053,100707,24.9,2024-02-01
2054,100708,33.83,2024-05-29
2055,100708,14.1,2024-05-10
2056,100709,69.03,2024-05-03
2057,100709,84.74,2024-02-07
2058,100709,85.09,2024-02-09
2059,100709,54.6,2024-03-11
2060,100710,24.59,2024-04-19
2061,100710,84.97,2024-04-21
2062,100710,60.97,2024-04-18
2063,100711,83.06,2024-04-02
2064,100711,38.58,2024-02-01
2065,100711,40.93,2024-04-12
2066,100712,30.49,2024-04-10
2067,100712,71.98,2024-03-02
2068,100712,14.57,2024-03-09
2069,100712,30.78,2024-03-23
2070,100712,87.67,2024-04-10
2071,100712,21.69,2024-04-28
2072,100712,91.61,2024-03-08
2073,100713,50.66,2024-01-15
2074,100713,65.02,2024-02-18
2075,100713,46.18,2024-03-02
2076,100714,36.67,2024-04-17
2077,100714,24.89,2024-04-27
2078,100714,46.38,2024-07-06
2079,100715,55.62,2024-05-31
2080,100715,51.18,2024-04-24
2081,100715,39.34,2024-06-08
2082,100715,25.31,2024-05-12
2083,100716,9.94,2024-04-03
2084,100716,27.77,2024-04-01
2085,100717,55.57,2024-03-30
2086,100717,12.89,2024-03-07
2087,100718,41.94,2024-06-23
2088,100718,95.67,2024-06-19
2089,100719,52.46,2024-04-08
2090,100719,79.72,2024-03-05
2091,100719,68.02,2024-03-31
2092,100719,36.45,2024-03-11
2093,100720,5.02,2024-06-10
2094,100720,29.92,2024-05-23
2095,100720,8.07,2024-06-08
2096,100720,58.88,2024-04-17
2097,100720,50.15,2024-04-13
2098,100720,69.74,2024-05-30
2099,100720,34.5,2024-04-13
2100,100720,70.64,2024-04-17
2101,100721,95.34,2024-06-22
2102,100721,33.85,2024-06-30
2103,100721,79.22,2024-06-16
2104,100721,27.95,2024-07-19
2105,100722,22.22,2024-03-27
2106,100722,87.64,2024-04-19
2107,100722,43.22,2024-04-15
2108,100723,94.09,2024-05-02
2109,100723,9.97,2024-05-15
2110,100723,15.28,2024-04-10
2111,100724,32.37,2024-06-18
2112,100724,23.81,2024-04-30
2113,100724,10.36,2024-07-16
2114,100724,5.64,2024-06-08
2115,100725,32.44,2024-04-22
2116,100726,54.42,2024-06-05
2117,100727,26.92,2024-03-26
2118,100727,76.98,2024-04-13
2119,100727,32.51,2024-04-10
2120,100728,5.27,2024-01-29
2121,100729,17.07,2024-05-22
2122,100729,49.42,2024-05-04
2123,100730,34.77,2024-06-27
2124,100730,74.03,2024-04-17
2125,100730,87.77,2024-06-05
2126,100730,20.5,2024-05-29
2127,100730,37.48,2024-05-10
2128,100730,39.16,2024-04-30
2129,100730,60.99,2024-06-23
2130,100731,29.06,2024-03-09
2131,100731,14.67,2024-04-15
2132,100734,25.53,2024-02-27
2133,100734,91.75,2024-02-27
2134,100734,80.13,2024-04-16
2135,100734,97.96,2024-03-23
2136,100736,52.28,2024-03-19
2137,100736,77.05,2024-03-22
2138,100736,8.3,2024-03-11
2139,100736,6.33,2024-04-15
2140,100736,62.46,2024-03-02
2141,100737,52.0,2024-06-15
2142,100737,60.95,2024-04-27
2143,100738,36.88,2024-05-12
2144,100738,7.39,2024-04-17
2145,100738,36.29,2024-04-27
2146,100738,17.12,2024-04-19
2147,100739,78.28,2024-05-21
2148,100739,83.87,2024-04-26
2149,100739,71.34,2024-05-24
2150,100739,83.71,2024-06-03
2151,100739,53.8,2024-04-23
2152,100739,25.41,2024-07-09
2153,100741,77.04,2024-02-05
2154,100742,86.49,2024-06-19
2155,100742,17.44,2024-06-13
2156,100742,24.58,2024-05-16
2157,100742,11.18,2024-05-29
2158,100742,68.89,2024-07-14
2159,100742,90.79,2024-05-16
2160,100742,49.14,2024-06-01
2161,100742,21.83,2024-06-23
2162,100743,48.93,2024-05-02
2163,100743,21.15,2024-05-13
2164,100744,22.08,2024-05-08
2165,100744,76.53,2024-04-26
2166,100744,74.47,2024-05-10
2167,100745,9.68,2024-05-07
2168,100745,51.52,2024-07-03
2169,100746,85.11,2024-06-01
2170,100746,27.17,2024-04-14
2171,100746,64.49,2024-04-04
2172,100746,77.54,2024-04-02
2173,100746,96.95,2024-05-06
2174,100747,70.48,2024-05-17
2175,100747,75.64,2024-05-22
2176,100748,52.52,2024-02-09
2177,100748,45.23,2024-02-21
2178,100749,51.69,2024-03-30
2179,100749,71.79,2024-04-12
2180,100749,61.53,2024-05-15
2181,100750,75.89,2024-02-07
2182,100750,11.13,2024-01-28
2183,100751,52.41,2024-04-27
2184,100751,85.75,2024-03-31
2185,100751,48.18,2024-03-03
2186,100752,11.31,2024-06-01
2187,100754,75.86,2024-05-20
2188,100754,49.95,2024-05-09
2189,100754,6.09,2024-03-27
2190,100754,34.38,2024-04-28
2191,100754,71.31,2024-04-21
2192,100754,34.32,2024-05-17
2193,100754,7.89,2024-03-02
2194,100755,86.93,2024-05-09
2195,100756,44.32,2024-04-12
2196,100756,76.0,2024-03-21
2197,100756,67.13,2024-03-04
2198,100757,34.42,2024-03-24
2199,100757,79.64,2024-05-20
2200,100757,90.16,2024-03-23
2201,100758,36.35,2024-01-25
2202,100758,70.13,2024-04-05
2203,100758,30.69,2024-02-18
2204,100758,99.58,2024-01-23
2205,100758,46.49,2024-03-02
2206,100758,63.08,2024-02-05
2207,100759,47.14,2024-03-27
2208,100759,91.24,2024-04-25
2209,100760,5.29,2024-02-26
2210,100760,15.49,2024-04-14
2211,100760,93.55,2024-02-21
2212,100760,8.38,2024-02-10
2213,100761,13.21,2024-06-02
2214,100761,17.83,2024-05-18
2215,100762,7.12,2024-04-11
2216,100762,45.33,2024-04-07
2217,100762,62.83,2024-06-22
2218,100762,97.36,2024-06-23
2219,100762,79.76,2024-06-02
2220,100763,32.35,2024-03-16
2221,100764,44.33,2024-05-10
2222,100764,92.71,2024-04-13
2223,100764,38.87,2024-04-12
2224,100764,47.97,2024-06-08
2225,100765,51.32,2024-05-16
2226,100765,47.19,2024-04-28
2227,100766,43.63,2024-03-05
2228,100766,56.43,2024-02-22
2229,100766,21.78,2024-03-03
2230,100766,89.32,2024-01-30
2231,100767,82.51,2024-06-03
2232,100767,40.5,2024-05-11
2233,100767,15.97,2024-05-08
2234,100767,96.16,2024-05-11
2235,100767,44.25,2024-06-14
2236,100767,99.32,2024-05-10
2237,100768,44.84,2024-05-01
2238,100768,67.33,2024-05-21
2239,100768,51.1,2024-04-30
2240,100769,23.87,2024-04-12
2241,100769,99.94,2024-06-14
2242,100769,69.37,2024-06-17
2243,100769,67.64,2024-06-29
2244,100769,10.85,2024-04-17
2245,100770,81.44,2024-03-01
2246,100770,87.99,2024-03-07
2247,100770,56.1,2024-03-21
2248,100771,62.13,2024-01-29
2249,100772,55.32,2024-05-06
2250,100773,76.52,2024-04-25
2251,100773,19.7,2024-04-24
2252,100773,43.76,2024-06-22
2253,100774,45.24,2024-06-01
2254,100774,15.08,2024-04-11
2255,100774,42.48,2024-06-10
2256,100774,77.11,2024-04-21
2257,100775,22.1,2024-04-22
2258,100775,98.68,2024-04-19
2259,100776,70.24,2024-04-04
2260,100776,89.99,2024-02-14
2261,100776,43.88,2024-03-01
2262,100776,81.85,2024-02-27
2263,100777,30.18,2024-01-20
2264,100777,52.16,2024-03-13
2265,100777,93.08,2024-02-22
2266,100777,73.27,2024-01-17
2267,100777,66.86,2024-01-28
2268,100778,47.65,2024-03-22
2269,100778,90.21,2024-04-30
2270,100778,95.57,2024-03-13
2271,100779,52.31,2024-04-01
2272,100779,96.3,2024-02-16
2273,100781,94.98,2024-05-15
2274,100781,53.68,2024-03-03
2275,100782,35.92,2024-04-06
2276,100783,99.9,2024-03-18
2277,100783,21.74,2024-04-10
2278,100783,42.49,2024-03-13
2279,100784,7.33,2024-03-23
2280,100784,6.13,2024-02-20
2281,100784,54.3,2024-03-07
2282,100784,40.74,2024-04-29
2283,100785,93.15,2024-04-04
2284,100785,64.61,2024-01-24
2285,100786,73.14,2024-06-03
2286,100786,45.53,2024-05-22
2287,100786,85.3,2024-04-23
2288,100786,8.0,2024-05-07
2289,100786,90.56,2024-05-11
2290,100786,34.76,2024-05-10
2291,100787,25.4,2024-02-23
2292,100787,67.45,2024-01-29
2293,100787,21.73,2024-01-16
2294,100787,81.61,2024-03-17
2295,100788,13.53,2024-03-18
2296,100788,32.32,2024-04-29
2297,100788,44.78,2024-03-10
2298,100788,10.12,2024-02-19
2299,100789,50.67,2024-06-02
2300,100789,72.25,2024-05-13
2301,100790,26.9,2024-06-08
2302,100790,24.94,2024-06-04
2303,100790,74.98,2024-05-20
2304,100790,81.57,2024-04-23
2305,100791,80.24,2024-05-07
2306,100791,29.8,2024-07-02
2307,100792,95.03,2024-05-18
2308,100792,37.22,2024-05-07
2309,100792,26.91,2024-03-20
2310,100792,37.2,2024-03-29
2311,100793,58.81,2024-02-16
2312,100793,6.53,2024-01-26
2313,100794,90.1,2024-06-17
2314,100795,35.73,2024-05-07
2315,100797,51.8,2024-06-05
2316,100797,50.67,2024-03-20
2317,100798,24.29,2024-05-17
2318,100798,13.27,2024-05-17
2319,100798,37.9,2024-05-15
2320,100798,32.96,2024-03-31
2321,100798,60.69,2024-03-18
2322,100799,33.64,2024-07-12
2323,100799,11.87,2024-07-14
2324,100799,17.99,2024-06-10
2325,100800,44.02,2024-03-08
2326,100800,5.79,2024-02-13
2327,100800,94.64,2024-02-04
2328,100800,52.79,2024-03-21
2329,100801,86.09,2024-04-24
2330,100801,12.85,2024-05-06
2331,100802,67.43,2024-02-18
2332,100803,54.93,2024-03-23
2333,100804,25.36,2024-01-21
2334,100804,62.76,2024-02-01
2335,100804,64.09,2024-02-28
2336,100805,84.1,2024-02-23
2337,100805,58.73,2024-04-21
2338,100805,38.27,2024-03-09
2339,100805,73.05,2024-03-15
2340,100806,58.22,2024-04-26
2341,100807,60.59,2024-03-27
2342,100807,8.25,2024-04-07
2343,100807,56.91,2024-03-11
2344,100808,71.32,2024-02-25
2345,100809,42.57,2024-04-04
2346,100810,52.77,2024-03-15
2347,100810,59.97,2024-05-17
2348,100811,37.16,2024-01-18
2349,100811,76.77,2024-01-09
2350,100812,81.48,2024-02-12
2351,100812,53.84,2024-04-19
2352,100812,47.16,2024-02-10
2353,100812,15.5,2024-02-17
2354,100812,8.63,2024-04-27
2355,100812,67.03,2024-03-06
2356,100812,73.54,2024-03-07
2357,100814,26.61,2024-02-20
2358,100814,68.42,2024-02-13
2359,100814,66.14,2024-03-28
2360,100815,76.8,2024-04-26
2361,100815,15.88,2024-05-22
2362,100816,93.43,2024-01-13
2363,100816,57.9,2024-02-05
2364,100816,42.86,2024-03-28
2365,100817,85.89,2024-07-16
2366,100817,37.38,2024-06-10
2367,100817,54.35,2024-05-06
2368,100817,67.18,2024-07-03
2369,100818,16.06,2024-07-14
2370,100818,31.12,2024-05-03
2371,100818,30.2,2024-05-18
2372,100818,57.66,2024-05-21
2373,100818,70.3,2024-07-13
2374,100819,6.08,2024-04-05
2375,100819,84.39,2024-05-22
2376,100819,53.7,2024-04-24
2377,100819,28.96,2024-04-09
2378,100820,14.18,2024-04-11
2379,100820,20.71,2024-05-18
2380,100821,70.52,2024-06-25
2381,100821,64.85,2024-07-13
2382,100821,55.55,2024-05-12
2383,100821,20.35,2024-05-15
2384,100822,9.97,2024-04-09
2385,100822,13.56,2024-01-30
2386,100822,14.86,2024-03-27
2387,100823,69.97,2024-04-03
2388,100824,54.18,2024-06-20
2389,100824,53.23,2024-05-25
2390,100825,38.08,2024-04-25
2391,100825,28.2,2024-03-11
2392,100826,15.21,2024-02-23
2393,100827,45.83,2024-02-13
2394,100827,29.4,2024-02-23
2395,100827,68.06,2024-03-20
2396,100828,34.93,2024-05-03
2397,100828,95.31,2024-03-25
2398,100828,94.46,2024-03-28
2399,100828,25.91,2024-04-02
2400,100828,60.2,2024-06-05
2401,100829,39.64,2024-03-18
2402,100829,89.23,2024-04-03
2403,100829,45.17,2024-02-29
2404,100829,67.71,2024-04-26
2405,100829,75.37,2024-02-24
2406,100829,54.71,2024-03-19
2407,100831,40.99,2024-03-22
2408,100831,14.7,2024-03-19
2409,100831,71.71,2024-03-11
2410,100831,87.85,2024-05-25
2411,100831,91.53,2024-04-30
2412,100831,54.37,2024-03-24
2413,100831,59.76,2024-04-04
2414,100831,20.02,2024-03-29
2415,100831,73.04,2024-04-09
2416,100832,80.97,2024-05-04
2417,100833,56.3,2024-03-06
2418,100833,8.97,2024-04-30
2419,100833,50.19,2024-03-21
2420,100834,73.32,2024-04-25
2421,100834,70.48,2024-04-07
2422,100834,95.31,2024-04-03
2423,100834,55.84,2024-02-25
2424,100834,54.48,2024-04-08
2425,100834,28.97,2024-03-31
2426,100834,57.46,2024-03-07
2427,100834,50.13,2024-03-05
2428,100835,74.72,2024-04-21
2429,100835,44.89,2024-04-03
2430,100835,43.68,2024-06-01
2431,100835,56.7,2024-04-02
2432,100835,52.23,2024-05-12
2433,100836,67.33,2024-05-28
2434,100836,62.47,2024-04-30
2435,100837,52.17,2024-05-29
2436,100837,86.13,2024-05-11
2437,100837,30.74,2024-06-10
2438,100837,30.26,2024-05-22
2439,100837,7.88,2024-04-04
2440,100838,45.79,2024-01-22
2441,100838,20.89,2024-02-19
2442,100838,69.23,2024-02-14
2443,100838,48.65,2024-02-22
2444,100838,5.01,2024-02-01
2445,100838,98.5,2024-04-05
2446,100839,56.09,2024-02-20
2447,100839,69.46,2024-03-27
2448,100839,94.83,2024-04-22
2449,100839,16.98,2024-04-19
2450,100839,93.62,2024-04-26
2451,100840,80.23,2024-06-01
2452,100841,7.23,2024-04-05
2453,100841,47.89,2024-03-09
2454,100841,85.42,2024-04-24
2455,100842,55.55,2024-03-21
2456,100843,16.43,2024-06-03
2457,100843,16.65,2024-04-26
2458,100843,26.24,2024-05-21
2459,100843,74.78,2024-06-29
2460,100843,6.79,2024-06-02
2461,100844,84.9,2024-04-14
2462,100844,71.87,2024-05-18
2463,100845,84.1,2024-05-26
2464,100845,65.19,2024-04-27
2465,100845,78.23,2024-03-27
2466,100845,38.91,2024-05-21
2467,100846,65.16,2024-01-30
2468,100846,77.71,2024-04-09
2469,100846,33.16,2024-04-12
2470,100846,95.94,2024-01-25
2471,100847,68.05,2024-04-08
2472,100847,12.28,2024-05-26
2473,100848,85.4,2024-04-29
2474,100848,66.15,2024-04-17
2475,100848,82.93,2024-03-16
2476,100848,64.52,2024-04-23
2477,100848,57.14,2024-03-25
2478,100848,59.5,2024-06-02
2479,100848,95.13,2024-05-31
2480,100848,64.84,2024-05-08
2481,100850,30.19,2024-05-17
2482,100851,51.89,2024-03-05
2483,100851,20.65,2024-03-01
2484,100851,30.16,2024-04-16
2485,100851,72.71,2024-03-17
2486,100852,24.92,2024-02-22
2487,100852,52.39,2024-03-27
2488,100852,45.73,2024-01-06
2489,100852,97.85,2024-03-22
2490,100852,21.93,2024-01-08
2491,100852,81.92,2024-02-08
2492,100853,97.72,2024-03-03
2493,100853,71.05,2024-01-05
2494,100853,69.03,2024-02-15
2495,100853,85.13,2024-03-02
2496,100853,10.54,2024-01-06
2497,100854,24.16,2024-05-11
2498,100854,72.01,2024-04-14
2499,100854,84.37,2024-05-29
2500,100854,86.16,2024-04-08
2501,100854,22.92,2024-05-05
2502,100855,32.06,2024-04-25
2503,100855,81.25,2024-06-23
2504,100856,9.76,2024-04-13
2505,100856,78.91,2024-05-18
2506,100856,28.44,2024-05-20
2507,100856,67.12,2024-04-14
2508,100857,98.71,2024-03-30
2509,100857,40.71,2024-04-11
2510,100858,60.1,2024-06-14
2511,100858,13.95,2024-07-18
2512,100858,32.2,2024-07-17
2513,100858,56.26,2024-05-19
2514,100858,51.39,2024-04-26
2515,100860,6.2,2024-03-06
2516,100860,10.16,2024-03-17
2517,100860,53.3,2024-05-22
2518,100861,90.17,2024-03-02
2519,100861,61.83,2024-02-15
2520,100861,18.45,2024-02-18
2521,100862,57.16,2024-04-03
2522,100863,58.08,2024-05-24
2523,100863,83.72,2024-05-16
2524,100863,92.84,2024-07-17
2525,100863,71.61,2024-06-08
2526,100864,71.16,2024-02-12
2527,100864,72.95,2024-02-29
2528,100865,11.6,2024-05-15
2529,100866,97.2,2024-03-28
2530,100867,31.89,2024-03-25
2531,100867,22.95,2024-03-01
2532,100867,11.89,2024-04-14
2533,100868,47.58,2024-02-22
2534,100868,51.27,2024-02-05
2535,100868,29.57,2024-02-05
2536,100868,92.95,2024-03-02
2537,100869,92.23,2024-04-14
2538,100869,66.32,2024-05-04
2539,100869,88.62,2024-02-21
2540,100869,40.5,2024-02-23
2541,100869,68.74,2024-04-01
2542,100870,90.43,2024-04-18
2543,100871,46.1,2024-04-27
2544,100872,60.47,2024-03-30
2545,100872,12.04,2024-01-23
2546,100872,63.48,2024-02-11
2547,100872,95.3,2024-04-12
2548,100873,32.38,2024-05-24
2549,100873,56.73,2024-05-03
2550,100873,18.48,2024-06-05
2551,100873,71.33,2024-06-10
2552,100874,25.66,2024-07-17
2553,100874,62.99,2024-05-10
2554,100874,68.82,2024-06-30
2555,100875,98.0,2024-06-09
2556,100876,93.67,2024-05-12
2557,100876,85.25,2024-04-13
2558,100877,11.58,2024-06-16
2559,100877,37.87,2024-05-16
2560,100877,20.14,2024-05-24
2561,100877,15.2,2024-06-09
2562,100878,95.67,2024-04-21
2563,100879,31.14,2024-05-20
2564,100879,79.7,2024-04-13
2565,100879,84.11,2024-06-05
2566,100879,60.31,2024-04-16
2567,100880,89.64,2024-02-14
2568,100880,51.51,2024-02-28
2569,100880,43.2,2024-02-03
2570,100881,41.11,2024-03-04
2571,100882,95.53,2024-04-24
2572,100882,57.02,2024-05-16
2573,100882,6.35,2024-04-07
2574,100883,43.62,2024-02-14
2575,100883,77.88,2024-02-09
2576,100884,40.67,2024-05-13
2577,100884,37.6,2024-03-08
2578,100884,91.4,2024-02-29
2579,100885,78.52,2024-05-25
2580,100885,7.15,2024-06-03
2581,100885,24.51,2024-06-05
2582,100886,85.78,2024-04-23
2583,100886,32.6,2024-04-20
2584,100886,73.62,2024-03-15
2585,100886,45.19,2024-03-28
2586,100887,36.38,2024-02-15
2587,100887,45.58,2024-01-28
2588,100887,9.52,2024-04-04
2589,100888,33.01,2024-04-03
2590,100888,32.19,2024-02-29
2591,100889,81.29,2024-04-23
2592,100889,50.94,2024-03-06
2593,100890,20.41,2024-01-07
2594,100890,55.42,2024-02-05
2595,100891,95.67,2024-05-04
2596,100891,26.36,2024-06-13
2597,100892,30.69,2024-04-29
2598,100892,29.23,2024-05-06
2599,100892,8.73,2024-02-26
2600,100892,16.22,2024-05-19
2601,100893,72.09,2024-05-30
2602,100894,45.37,2024-01-24
2603,100894,95.07,2024-01-05
2604,100894,60.78,2024-02-02
2605,100894,36.25,2024-01-23
2606,100895,82.89,2024-01-30
2607,100896,5.96,2024-03-30
2608,100896,96.89,2024-04-20
2609,100896,67.68,2024-04-10
2610,100897,75.63,2024-05-04
2611,100897,81.86,2024-02-27
2612,100897,23.97,2024-03-30
2613,100898,86.67,2024-06-09
2614,100898,50.67,2024-05-12
2615,100898,25.43,2024-03-21
2616,100898,11.99,2024-04-20
2617,100898,73.25,2024-04-09
2618,100898,17.6,2024-03-29
2619,100898,72.84,2024-05-28
2620,100898,29.76,2024-03-20
2621,100899,22.69,2024-02-07
2622,100899,48.47,2024-03-12
2623,100900,70.2,2024-06-02
2624,100900,34.62,2024-05-26
2625,100900,45.39,2024-05-25
2626,100900,85.93,2024-05-29
2627,100901,93.45,2024-06-21
2628,100901,37.79,2024-06-20
2629,100901,37.44,2024-04-09
2630,100901,59.64,2024-05-19
2631,100902,23.75,2024-02-02
2632,100902,92.9,2024-03-09
2633,100903,9.25,2024-05-06
2634,100903,98.67,2024-05-04
2635,100903,77.77,2024-05-23
2636,100903,21.68,2024-04-15
2637,100904,91.07,2024-07-01
2638,100904,71.09,2024-04-20
2639,100904,78.0,2024-05-31
2640,100904,66.48,2024-05-17
2641,100904,52.7,2024-06-22
2642,100906,51.37,2024-03-09
2643,100906,59.45,2024-04-17
2644,100907,49.31,2024-02-01
2645,100907,58.19,2024-04-26
2646,100907,33.96,2024-04-11
2647,100907,64.4,2024-02-04
2648,100907,6.49,2024-04-05
2649,100908,32.87,2024-05-23
2650,100908,71.2,2024-06-02
2651,100909,86.97,2024-03-22
2652,100909,99.47,2024-01-24
2653,100909,80.21,2024-02-06
2654,100910,62.35,2024-06-05
2655,100910,16.29,2024-04-23
2656,100910,89.55,2024-04-14
2657,100910,16.24,2024-06-26
2658,100910,86.6,2024-06-20
2659,100911,82.44,2024-04-10
2660,100911,61.15,2024-03-31
2661,100911,90.88,2024-04-16
2662,100912,43.03,2024-06-08
2663,100912,58.16,2024-05-02
2664,100912,81.57,2024-04-05
2665,100912,45.64,2024-05-06
2666,100912,8.28,2024-04-07
2667,100912,21.59,2024-04-12
2668,100913,21.33,2024-02-09
2669,100913,52.15,2024-03-25
2670,100914,68.97,2024-04-18
2671,100914,81.37,2024-03-29
2672,100914,57.49,2024-04-30
2673,100914,73.12,2024-04-15
2674,100914,99.1,2024-05-15
2675,100914,73.3,2024-03-25
2676,100914,80.44,2024-05-17
2677,100915,19.13,2024-05-17
2678,100915,37.64,2024-04-26
2679,100915,85.27,2024-05-06
2680,100915,64.9,2024-04-23
2681,100915,7.89,2024-05-01
2682,100916,49.8,2024-05-12
2683,100916,94.15,2024-04-17
2684,100917,46.22,2024-02-12
2685,100918,47.28,2024-04-17
2686,100918,84.35,2024-04-02
2687,100918,34.58,2024-05-02
2688,100918,14.79,2024-05-04
2689,100919,15.32,2024-07-06
2690,100920,84.52,2024-04-06
2691,100920,32.49,2024-02-23
2692,100920,45.6,2024-04-29
2693,100920,30.63,2024-04-18
2694,100920,49.68,2024-03-09
2695,100921,75.47,2024-06-23
2696,100921,81.15,2024-06-09
2697,100921,27.23,2024-05-20
2698,100921,59.22,2024-06-30
2699,100921,86.46,2024-04-15
2700,100923,17.91,2024-03-13
2701,100923,58.94,2024-04-11
2702,100923,95.91,2024-03-26
2703,100924,49.66,2024-05-17
2704,100925,62.32,2024-03-27
2705,100925,91.43,2024-04-26
2706,100925,62.78,2024-03-22
2707,100926,35.89,2024-02-21
2708,100926,51.08,2024-02-28
2709,100926,16.84,2024-03-27
2710,100927,22.09,2024-04-18
2711,100927,76.36,2024-03-27
2712,100927,87.24,2024-06-04
2713,100927,94.24,2024-05-25
2714,100927,77.48,2024-06-04
2715,100928,27.81,2024-03-29
2716,100928,96.78,2024-02-23
2717,100928,21.82,2024-02-12
2718,100928,93.95,2024-02-10
2719,100928,5.78,2024-04-02
2720,100928,8.26,2024-03-07
2721,100929,88.39,2024-05-23
2722,100929,37.75,2024-05-22
2723,100929,32.69,2024-07-04
2724,100930,33.46,2024-05-30
2725,100930,49.58,2024-06-04
2726,100930,27.05,2024-05-09
2727,100932,55.04,2024-05-25
2728,100932,56.01,2024-04-18
2729,100932,8.59,2024-04-19
2730,100932,62.81,2024-05-24
2731,100932,48.01,2024-06-19
2732,100932,69.71,2024-04-17
2733,100932,75.58,2024-04-14
2734,100933,98.38,2024-04-25
2735,100933,54.7,2024-06-15
2736,100933,47.0,2024-05-25
2737,100933,29.63,2024-04-24
2738,100934,67.3,2024-03-29
2739,100935,6.61,2024-03-31
2740,100936,26.57,2024-04-17
2741,100937,97.96,2024-04-17
2742,100938,55.56,2024-03-27
2743,100938,63.67,2024-01-29
2744,100938,43.76,2024-01-19
2745,100939,53.63,2024-04-14
2746,100939,65.16,2024-05-28
2747,100940,28.99,2024-07-11
2748,100940,75.97,2024-05-12
2749,100940,13.95,2024-06-22
2750,100941,89.61,2024-05-28
2751,100942,84.55,2024-04-12
2752,100942,62.07,2024-04-12
2753,100943,64.4,2024-01-29
2754,100943,66.66,2024-04-22
2755,100943,11.19,2024-03-21
2756,100943,8.03,2024-02-01
2757,100944,85.28,2024-03-31
2758,100944,89.43,2024-03-27
2759,100944,50.36,2024-03-21
2760,100944,10.05,2024-04-23
2761,100944,56.18,2024-05-17
2762,100944,26.77,2024-03-22
2763,100945,54.29,2024-02-27
2764,100945,44.75,2024-02-28
2765,100945,47.32,2024-01-11
2766,100945,48.48,2024-01-18
2767,100945,7.01,2024-03-16
2768,100946,11.16,2024-04-16
2769,100946,70.52,2024-04-15
2770,100947,41.85,2024-04-13
2771,100947,89.65,2024-02-06
2772,100947,52.01,2024-03-09
2773,100948,7.06,2024-05-11
2774,100948,6.76,2024-06-27
2775,100948,13.15,2024-05-01
2776,100949,21.35,2024-05-31
2777,100949,35.54,2024-06-08
2778,100949,96.39,2024-06-26
2779,100949,79.91,2024-06-29
2780,100949,50.42,2024-07-15
2781,100950,13.67,2024-02-03
2782,100950,31.88,2024-01-28
2783,100950,87.46,2024-02-19
2784,100950,49.93,2024-02-03
2785,100950,23.41,2024-02-24
2786,100950,53.7,2024-01-25
2787,100950,60.97,2024-02-11
2788,100950,50.01,2024-02-21
2789,100951,31.0,2024-06-11
2790,100951,36.96,2024-06-11
2791,100951,30.34,2024-05-17
2792,100951,17.33,2024-05-29
2793,100951,79.8,2024-07-11
2794,100952,29.03,2024-07-23
2795,100954,89.98,2024-06-22
2796,100954,25.24,2024-07-11
2797,100955,94.52,2024-04-19
2798,100955,13.4,2024-05-14
2799,100956,47.88,2024-01-30
2800,100956,79.01,2024-02-29
2801,100957,83.87,2024-05-24
2802,100957,81.04,2024-04-06
2803,100958,68.44,2024-05-20
2804,100958,54.63,2024-07-16
2805,100958,88.9,2024-04-26
2806,100958,38.63,2024-05-02
2807,100958,97.94,2024-06-12
2808,100958,56.7,2024-05-26
2809,100958,28.84,2024-05-12
2810,100959,73.8,2024-04-19
2811,100959,9.42,2024-05-10
2812,100959,34.4,2024-03-02
2813,100959,33.27,2024-03-01
2814,100960,26.23,2024-03-23
2815,100960,23.13,2024-02-13
2816,100960,81.05,2024-03-05
2817,100960,95.78,2024-03-29
2818,100962,27.11,2024-03-31
2819,100963,8.6,2024-03-05
2820,100963,28.76,2024-03-28
2821,100963,79.15,2024-03-09
2822,100963,86.59,2024-05-29
2823,100964,90.98,2024-05-04
2824,100964,51.37,2024-04-14
2825,100965,49.68,2024-05-05
2826,100965,11.87,2024-04-20
2827,100965,78.09,2024-04-21
2828,100965,65.21,2024-05-03
2829,100965,89.34,2024-04-25
2830,100966,47.57,2024-04-06
2831,100966,39.79,2024-03-27
2832,100967,61.19,2024-01-30
2833,100967,10.04,2024-02-10
2834,100967,82.33,2024-01-31
2835,100967,9.71,2024-02-08
2836,100967,72.26,2024-03-02
2837,100968,97.68,2024-05-13
2838,100968,59.07,2024-04-18
2839,100968,52.23,2024-02-23
2840,100969,64.49,2024-04-10
2841,100969,31.48,2024-04-24
2842,100969,66.28,2024-05-15
2843,100969,19.55,2024-05-31
2844,100969,58.94,2024-04-09
2845,100971,94.11,2024-06-14
2846,100971,57.61,2024-05-13
2847,100971,12.81,2024-05-05
2848,100971,66.06,2024-06-25
2849,100972,37.88,2024-05-22
2850,100972,84.67,2024-06-12
2851,100972,84.58,2024-04-18
2852,100972,99.94,2024-05-29
2853,100973,70.91,2024-06-08
2854,100973,86.03,2024-06-06
2855,100973,30.33,2024-06-03
2856,100973,29.26,2024-05-05
2857,100973,69.32,2024-07-06
2858,100973,9.59,2024-05-19
2859,100975,48.62,2024-04-04
2860,100975,18.76,2024-04-07
2861,100975,20.98,2024-03-02
2862,100976,91.59,2024-07-02
2863,100976,71.12,2024-06-14
2864,100977,54.78,2024-03-14
2865,100977,64.2,2024-04-14
2866,100978,51.29,2024-01-25
2867,100978,76.04,2024-01-25
2868,100978,78.1,2024-01-13
2869,100978,12.82,2024-02-18
2870,100978,84.41,2024-03-04
2871,100979,62.01,2024-06-24
2872,100979,63.16,2024-04-04
2873,100979,53.4,2024-06-19
2874,100980,75.22,2024-05-14
2875,100980,10.9,2024-04-13
2876,100980,46.01,2024-06-02
2877,100980,65.76,2024-05-15
2878,100981,57.83,2024-04-03
2879,100982,57.99,2024-05-30
2880,100982,75.28,2024-06-13
2881,100982,94.42,2024-04-30
2882,100983,77.6,2024-02-04
2883,100983,47.32,2024-01-08
2884,100983,7.92,2024-02-04
2885,100984,36.9,2024-06-10
2886,100984,58.45,2024-04-29
2887,100984,82.85,2024-05-18
2888,100985,91.01,2024-03-16
2889,100985,67.58,2024-01-06
2890,100986,59.69,2024-03-12
2891,100986,11.94,2024-04-01
2892,100986,72.45,2024-03-20
2893,100988,94.39,2024-06-07
2894,100988,9.43,2024-07-05
2895,100989,26.36,2024-03-01
2896,100989,90.59,2024-04-18
2897,100989,86.33,2024-04-08
2898,100989,83.25,2024-05-02
2899,100989,40.99,2024-03-26
2900,100989,49.87,2024-03-01
2901,100989,69.4,2024-03-10
2902,100990,58.49,2024-02-12
2903,100990,65.76,2024-03-12
2904,100991,57.04,2024-06-08
2905,100992,25.01,2024-04-28
2906,100992,67.82,2024-03-23
2907,100993,7.3,2024-06-09
2908,100993,87.53,2024-04-06
2909,100993,89.63,2024-04-21
2910,100994,88.06,2024-02-14
2911,100994,93.65,2024-03-21
2912,100994,38.98,2024-02-21
2913,100994,15.43,2024-02-25
2914,100995,67.09,2024-04-01
2915,100996,63.64,2024-05-03
2916,100996,25.89,2024-06-05
2917,100996,69.84,2024-05-26
2918,100997,50.14,2024-03-14
2919,100997,55.21,2024-03-29
2920,100997,12.05,2024-06-07
2921,100997,49.68,2024-04-23
2922,100997,99.3,2024-06-10
2923,100997,42.28,2024-05-21
2924,100998,46.05,2024-06-18
2925,100998,47.38,2024-05-13
2926,100998,74.37,2024-04-29
2927,100998,47.22,2024-07-06
2928,100999,44.28,2024-01-10
2929,100999,91.34,2024-03-12
2930,101000,26.16,2024-05-14
